review,sentiment
review expressing similar view still feel impelled add comment film generally well made technical point view apart possibly long acting mostly good although kevin spacey given much space explain character motivation apparently ambition rather racism sandra bullock function seems eye candy admittedly manages well br br fundamental level film heart right place opposed racism get impression tried set kind definitive treatment racism perhaps many famous name agreed however seems writer bit far could chew read book know much grisham biggest problem many others said end advocating vigilante justice aside fact agree position think view actually help anti racist cause likely applied acquit white defendant kill black victim end prosecutor invite jury audience imagine raped girl white follow imagine defendant white man murdered black rapist end message seems ok kill someone long hate enough also convenient man killed presented totally evil guilt doubt remove moral ambiguity likely real case br br samuel l jackson give excellent performance unfortunately also undermines plot come across someone considerable integrity hard believe would willing hide behind insanity plea indeed push come shove presumably supposed think face death penalty fact one point offered plea manslaughter although blink might miss take given must know chance acquittal slim want make stand court plead insanity br br less serious flaw medical expert whose testimony case supposedly rest joke discredited highly implausible reason neither offer real psychiatric diagnosis message seems expert witness say whatever asked say believed fact injured policeman support jackson moderately plausible still bit convenient died find hard believe kkk would march street broad daylight apparently serious crime riot arson kidnapping attempted murder go without visible attempt detect prosecute scene dog come bounding back ludicrous br br final reaction left feeling rather dirty though must racist disagree resolution may film intended explore different viewpoint leave audience decide seem forgotten time got end film make think view read people thought add opinion level maybe succeeded worry may inforced highly illiberal view people hope opposite intended br br final thought try watching law order cover issue like much depth minute screen time,0
art house maven dream overrated overpraised overdone pretentious melange deserve best picture merit dwarfed competition start place sun detective story streetcar named desire abbott costello meet invisible man name came better arthouse crapola closing ballet claptrap intellectual crowd place wrong movie actor time less capable acting less charismatic kelly caron worst saw movie among worst best picture oscar winner,0
movie funny mindless funny enjoy movie completely perception film like go enjoy side joke pun involved film still find bit start funny say want beer cock funny stuff make film decent fact try hard create serious spin film many comedy try serious aspect believe different focus funny must say though yasmin bleeth terrible film add nothing main guy coop remer squeak funny watch make film great watch,1
stan laurel became smaller half time greatest comedy team laboured contract broncho billy anderson series cheapies many parody major hollywood feature laurel parody film mildly funny even less funny modern audience seen original movie laurel parodying fortunately mud sand lampoon movie still well known blood sand starring rudolph valentino blood sand released nine week parody giving idea quickly broncho billy movie ground edited distributed br br various source including imdb state stan laurel character film named rhubarb vaselino final screened print mud sand original title hobo type font report laurel role actually cried rhubarb vaseline e agree vaselino funnier laurel copy elaborate sideburn valentino wore blood sand made longer parody valentino dressing scene movie made female movie goer swoon señorita named carmen original film parodied caramel girl like sink teeth br br movie like original apparently take place spain yet prohibition gag laurel us distinctive hat tipping gesture could become trademark like hardy distinctive necktie twiddle never spotted laurel film amusing dialogue rhubarb vaseline tell matador save bull vaseline becomes successful toreador lackey tell bull without sir funny disappointed laurel reply without br br one funny moment almost certainly planned vaseline show bullfighter audition laurel swagger bullring say corrida querida toss bull fence land thump near auditioners bull obviously fake gag funny anyway aye title card joke throwing bull serendipitous moment occurs laurel repeat gag vaseline sling second bull fence one land butt balance upright instant toppling funny somebody planned gag quickie comedy salute unknown gagsmith tech man rigged bull land position likely happened luck director editor smart enough keep br br silent era whenever hollywood made big budget feature film set anyplace people speak english common cinematic device show piece text inscription local lingo dissolve shot text english surprised low budget comedy spent money copy device see notice board outside corrida message spanish dissolve text english unfortunately photography cheapo movie dark effect wasted br br actress movie attractive including broncho billy wife leona anderson stan laurel common law wife mae dahlberg latter briefly pretty dance mae danced stan vaudeville act surprised spot charlie chaplin half brother wheeler dryden brief role since chaplin nothing movie mud sand laurel give funny performance quite unlike later familiar stanley character film much less funny brilliant work oliver hardy rating trivia note twenty three year later stan laurel last american film bullfighter played spanish bullfighter spanish voice post dubbed coincidentally film used stock footage blood sand valentino movie tyrone power remake mud sand funnier bullfighter much,0
course plot script especially casting strong film many fine thing see one aspect liked especially idea antagonist luzhini turturro ex mentor working evil sideline chess opponent italian dandy three piece cane turn real gent truly fine chess player credit opponent nobly go along plan end complete final game championship posthumously luzhin taken flyer window sad releasing way unstable genius widow emily watson death gallantry honorable chess master luzhin defence worked late moment lucidity allowed played italian gent commends play call brilliant talk dramatic end game,1
particularly moved understated courage integrity l anglaise beautifully acted intellectually visually compelling film thank much monsieur le directeur rohmer,1
almost made fool going start review saying movie reminded billy elliot looked resume screenwriter lee hall find guy wrote billy elliot mr hall making fool br br bit cruel lee something aspiring screenwriter britain foot door previously written successful british movie award made money box office next give audience br br young jimmy spud life kitchen sink estate bullied school one love thing keeping going aspiration ballet dancer actually aspiration angel considering household may well ballet dancer macho waster father think ballet dancer bunch poof granddad say ballet dancer tough man could meet remember seeing bolshoi ballet yup ballet main talking point run british council estate day come think neither left wing politics seems sole preserve middle class gooders live nice big house right away everything set feel ridiculously false br br another major criticism film clue trying appeal often criticised channel broadcasting movie totally inappropriate time land time forgot example showed got spot considering story involves politics ballet dancing gawd hate lung cancer poverty way deemed suitable family audience since main protagonist year old child feature angel ballet dancer blame seem obsessed subject need refer much intelligent adult audience either br br course lee hall told script development stage producer write story featuring schoolboy angel flatly refused saying wanted write theme story apologise throughout movie get feeling film completed going marketed exact audience enjoyed billy elliot,0
unrelenting non stop top explosive melodrama movie one worst action flick ever produced utterly unbelievable every way pace constantly fever pitched action actor gripped total hysteria nigh unwatchable stain nay blotch career everyone involved br br wildly exaggerated attempt excitement undermines resulting movie go come time setting event impossible take even remotely seriously rate abomination br br want see good asteroid movie see deep impact intense sensitive thoroughly engrossing everything armageddon,0
want cynical pedantic could point opening raf lancaster bomber mortally wounded nd may somewhat unlikely since german air defence lively adolph hitler day movie viewed cynical audience guess character killed literally last hour war add poignancy fact survived second world war fully appreciate intellect beauty soul powell pressburger masterpiece scene heaven painfully twee viewed today view movie context made raf bomber command lost men war number america lost nam shorter period far far smaller pool active combatant atheist fox hole doubt lost relative conflict view material atheism sensible thing richar attenborough young pilot look awe sight many war hero must openly wept scene remembered much missed comrade survive war also bare mind despite losing several million people seems people germany passing pearly gate obvious nazi go heaven br br plot dashing young pilot peter carter arguing life front celestial court much appeal subtext see matter life death highly political visionary film lament end british empire replaced american ambition little thing show film made people aware american history culture one ethnic mix america even today many briton think usa overwhelmingly composed white anglo saxon protestant fact american white european film rightly contains scene multitude different race confess american peter judged abraham farlan anglophobe first revolutionary killed british force american war independence special relationship britain america special relationship powell pressburger know history come britain america obviously know future br br remember watch movie mind past mind present strange beautiful poignant clever film would never ever work made last year imagine story set revolved around british soldier killed iraq,1
jack sawyer sayid swim boat find completely wasted desmond traumatic past experience sailing island disclosed flashback sayid plot plan jack surprise others case michael double crossing group john locke convinces desmond invade hatch protected mr eko press button computer see happen br br episode one best second season unfortunately lover lost see lack respect producer stunning series fan usa air date episode may therefore along period fan wait third season suspenseful situation jack group surrounded others finding truth michael death ana lucia libby john locked inside hatch without intention pushing button mr eko despair outside hatch hope fate lost better angel disappointing conclusion lack conclusion five season vote ten br br title brazil available,1
although many audio recording great musician like jascha heifetz survive cinematic televised record limited indeed musical offering like shall music rare gem modern eye ear one quibble plot perceptive viewer put film unique delight proper perspective plot designed appeal young old audience era remains enjoyable day important aspect experience watching classic film see eye moviegoer era br br must take issue reviewer complains film black white feel obliged report student express reservation juvenile complaint reflect limited historical perspective teacher offer educational opportunity explain unique quality black white photography place cinematic history color fact get way good storyline music example black white photography john ford stagecoach like still photograph ansel adam artistic masterpiece br br heifetz wooden could disagree want blatant emotional posturing go rock concert role classical musician like heifetz move audience heifetz emotion conveyed playing body language rare ability extract every emotional nuance music transfer listener listener moved artist br br incidentally one reviewer asked seeing heifetz youtube playing st movement tchaikovsky violin concerto frank mchugh audience film carnegie hall shall music carnegie hall even greater treasure many great classical artist prime blessed film producer least limited instance chose showcase artist still era totally overwhelmed lowest common denominator tripe get today,1
definitely definitely worst film ever seen question asked contradictors opinion might argue title judged criterion others since independent low budget film c mon already  amateurism meager innovation horrifying br br agreeing everything said film example mind numbingly weak acting bad take another go shooting scene god damn thing found annoying total lack common sense script assuming thing existed production obvious absence dialogue respect viewer girl switched personality several time seemed show absolutely sing rationality even brain five relatively fit girl one slight female psychopath  gang br br thing regarded somewhat conquest title camera leaving van time thus viewer seeing everything inside rest film good idea executed exponentially dreadfully br br oh way movie nothing like blair witch project cloverfield title filmed hand held camera  effect trait used cleverly breathtaking case excuse inadequate cinematography,0
someone teach people made movie difference presenting multiple twist screwing audience even use hypnosis tool cover plot hole whenever find way scene say regressing past snapping think explains everything movie dishonest cheat last minute becomes full blown fiasco,0
sometimes ignore little voice head say stay away movie pay attention little voice may worst movie ever non pleasure sitting may best reason remember dvd player fast forward button made budget somewhere vicinity cavern obviously quick cheapie made piggyback current bunch scary cave lot darkness claustrophobic spelunker unknown menace flick like cave descent year back similar rash look alike movie used sea going vessel instead cave scary boat submarine lot darkness claustrophobic adventurer unknown menace old old cavern really blair witch project time lost earth lost top throw flashlight failing battery cow skull fang glued monster one stupidest twist climax ever put film said let urge listen little voice head friend want happy life stay away movie,0
novel easily superior best part film direct translation greene wrote instance quiet grim humour break scene boyer lorre murdered child obsession take plot film deviate novel tends ludicrous br br however want suggest film bad way always look part story stay mind like good un minor character stock actor could turn hand anything br br dreadful shame film available dvd,1
bled apt title watch feel life bled cliché horror people exactly going basement going attic trouble ensues take heed watch film show brain victim horror movie never stay clear enter need anymore incentive film bad worst uwe boll film mean house dead bad often thought entering review film b watching based comment herein discovered guess everyone entiled opinion please trust mine,0
really much say movie crude fun br br plot outline imdb br br br br two loser milwaukee coop remer parker stone invent new game playing basketball using baseball rule game becomes huge success along billionaire help form professional baseketball league everyone get pay team change city coop remer team milwaukee beer team standing way major rule change owner dallas felon vaughn want institute br br br br acting pretty good since arn many big star movie although big fan southpark parker stone pretty good job first real movie br br many funny moment movie come close naming never really let try put cruddy drama make serious br br favorite aspect movie soundtrack great especially like take beer reel big fish underrated br br overall crude extremely funny movie br br james black wolf johnston,1
suppose like pure action find suppose find gorgeous blonde designed screwed find suppose want find couple extra baddie headed extra extra baddy boss meat nasty end find br br overall routine stuff good guy come top big time extra ordinary circumstance br br marvel good guy armed pistol kill dozen bad guy machine gun shooting point blank range missing goody even get time reload pistol amid hail machine gun bullet br br ho hum,0
child tv series mary sue time mean bitchy bring self sit episode zoey mention jamie lynn spear act save life message show bring kid perfect like zoey unworthy rollseyes br br absurd zoey character exactly type person would despised real life yet manages become popular chase basically lovesick puppy worship ground zoey walk fact character seem dumbed order stop outshining zoey sorry characterization show extremely unrealistic,0
ever said movie redeeming feature whatsoever answer yes one helming appalling house dead director uwe boll cast less talented eye towards yet another video game adaptation guy get anyone understand block capital video game make good movie acting best sub standard set design special effect poor unlike video game scary moment movie atmosphere impending doom sense danger menace pacing plotting confused paper script printed would better used toilet paper main culprit director uwe boll us camera grace skill monkey using paintbrush hackneyed zoom swoop pan spliced whole dreary affair unpredictable moment leaving audience disorientated bored guy ever let near movie set first place must stand one modern cinema greatest secret avoid cost,0
could great film late poker pro pre poker craze stu kid unger turned disappointment br br tell filmmaker working short string budget everything look filmed cheap timeline seemed bit br br casting michael imperoli soprano also bad casting choice looked old play baby faced stu looked way healthy coke addict look footage wsop main event real stu skinny practically nose much cocaine wore sunglass hide kept expecting adriana pop yell chris tu phur br br also skipped fact son angie previous relationship committed suicide late br br every time saw vincent van patten appear kept thinking going announce show tune going stu head like wpt br br looking real stuey footage check espn classic rerun wsop main event every often try youtube avoid move like bad beat,0
depiction forlorn japanese force philipines tour de force utter meaninglessness war effective representation japanese pacifist view ww ii movie japanese soldier left fend jungle philipines faced impending starvation resort cannibalism gradually lose little humanity left call film depressing would something understatement viewer left utterly despairing sense life lost value modern combat final scene almost nihilistic film worthy statement none less highly recommended,1
poor jane austen ought glad around see dreadful wreck adaptation many great jane austen movie come recently one deserves permanently buried along two movie despise man gray flannel suit version david copperfield main beef movie completely miss point book jane austen poking fun gothic mania society much novel tongue cheek movie however serious come across terribly melodramatically lighthearted fun poking flavor austen writing completely conspicuously absent ponderous foray iinto horror meet period drama scene catherine imagination gratuitous uninteresting also henry tilney dreadfully unappealing ask would anyone fall looking fun filled jane austen evening watch emma instead,0
steve irwin admire man willing throw river clearly filled crocs snake lizard ton poop aforementioned reptile mud daily enthusiasm never able make want managed make wife come close br br movie fall parallel universe film category film people teeth drilled migraine film experience therefore like quiet mediocrity currently well populated disney film noisy well steve noisy happy time would cut right blasé teenager hear movie stupid tylenol codeine say enthusiasm catching would room full snake happened yet agreed beauty still going pet br br plot indeed predictable bad guy bad minute thought shopping consumer electronic superstore movie filled animal steve terri watched plot could call really reason throw yet another croc truck expectation low stayed way br br hoping though would bit sequel steve terri worked acting skill movie real plot animal fur still believe see steve anymore hope terri child continue involved australia zoo discovery channel least imagine seeing crocodile without member irwin family telling forcefully wonderful croc crikey,0
based actual story john boorman show struggle american doctor whose husband son murdered continually plagued loss holiday burma sister seemed like good idea get away passport stolen rangoon could leave country sister forced stay back could get paper american embassy fill day could fly took trip countryside tour guide tried finding something stone statue nothing stirred stone br br suddenly hell broke loose caught political revolt looked like escaped safely boarded train saw tour guide get beaten shot split second decided jump moving train try rescue thought continually life danger br br woman demonstrated spontaneous selfless charity risking life save another patricia arquette beautiful look beautiful heart unforgettable story br br taught suffering one promise life always keep,1
love movie air anymore get air miss movie movie air love movie much anyone know long since last disney long time sick waiting want see susie q swear take good movie air play new stupid gay one fake retarded miss movie wish upon star kazaam shaquille neil bunch good movie go want back miss good movie anymore anybody find susie q good old disney movie come please let know email girlygirl aol com girlygirl blank space thank hope want movie back great day,1
watched last night first time year bad really bad enough hilariously awful moment worth watching first deliberate make boy babysat completely effeminate even say costello la mae west fascinate costello double take god know would happened babysitter hunk kid would seduced heartbeat principal male dancer totally inept roar laughter leap prance talent whatsoever giant grave never looked better life two romantic lead zero waste abbott get sing one line dubbed another singer geez guess even carry tune costello manage charming fear nothing number guess small child might like much recommend oh seductive effeminate boy aspect alone blew away plus fact family accepted anyone street reference babysit child today little femmy boy would taken away,0
long boring blasphemous never glad see ending credit roll,0
film kid parent split tadashi move mom live grandfather tadashi sister stay dad talk frequently phone grandfather every third day mom never really home kid always picking poor kid village festival tadashi chosen kirin rider spiritual champion peace justice little suspect soon actually step role hero force darkness join rage thing discarded plot destroy mankind spiritual world br br okay easy part come hard part trying explain film br br great kid film great film flawed flawed great film none less unfolds like great book loved kid dense time tadashi struggle find strength become hero watching felt reading great book thought huge would book loved film follow normal path thing often happen happenstance miscommunication one character get sucked event simply foot fall asleep twist turn moment seem like non sequiters charming typical miike certainly takashi miike film japanese master film clearly charge film often touching scary funny time one except miike seems understand many emotion time suddenly twist thing get dark one second funny next admire fact miike made film bleak hopeful shy away scary mean really scary especially kid dark territory harry potter movie rarely dark grimm tale humor first reaction upon seeing opening image believe anyone would begin kid film picture end world realized making movie hat miike making movie know kid handle frightening image br br also operating one level mechanical monster bad guy make forged mankind discarded junk rage thrown away fuel monster one yokai spirit talk rage sneaker thrown away dirty small feel tossed also one good guy refusing join bad guy would human thing wild concept like thing floating around lift movie another level good many riff reference movie tv show novel make wonder film since kid may understand though many parent course monster run gamut cheesy spectacular stop everywhere frankly forgive unevenness creation simply hundred thousand monster screen way cool work one main character yokai think best described hamster tunic often played stuffed animal look dumb yet cheering little bugger loving every moment ride tadashi head acceptance also easier ever seen old woodcut weird japanese monster mentioned flaw effect uneven sudden turn bit odd even understandable minor thing fading two hour watching film none truly hurt film however kind keep completely happy movie br br really loved movie pretty sure saw kid would favorite film time english dub see movie great trip besides good introduction film miike minus blood graphic sex,1
really sure even begin describe bad movie like bad film often entertaining love bad special effect bad acting bad music inept direction exception music better expected movie quality br br special effect amazingly bad worst seen since nintendo scene watch include thunderchild woman crushed mechanical foot big ben scene train wreck wow many bad effect plus side though scene alien walker well done br br acting bad could possibly based directly h g well book good source material almost though actor trying top make funny mustache single distracting piece facial hair seen long time course half movie contains acting rest character walking around aimlessly poorly rendered effect shot br br say timothy hines inept director would injustice inept director use different colored filter shot particular reason use poorly rendered background even inside scene bad green screening amazing man ever got approval direct movie imagine would possible turn brilliant book bad movie bravo mr hines bravo br br advice anyone plan see movie friend enjoy bad movie drink play poker watching keep drinking maybe make way make excellent bad movie fun laugh silly disaster,0
saw sb tv australia week titled laputa castle sky enabled subtitle think sb provided usual good quality br br looked laputa wikipedia confirms suspected floating island tale taken classic jonathan swift novel gulliver travel published early mid br br anyway engaging japanese fairytale feature english speaking voice cast suitable young child think run two hour length may long though adult like br br story concern two child seek find legendary floating island castle child one looking island pirate army spy looking island looking capture child sheeta girl voiced anna paquin pazu boy voiced james van der beek order help find br br graphic magnificent sort photo realistic time especially scene stonework lit torch light pretty scene bright sunny day white cloud mist br br recommended,1
u least inhabit two world real world mercy circumstance world within unconscious safe place escape word mr gone introduces inside world maxx fascinating world fantasy reality combined inspired comic book sam kieth maxx faithful material inspired story also graphic style look like page comic giving show surreal unique appearance also story interesting entertaining moment could turn weird got inside hard get story character wonderfully developed music go perfectly style show give proper atmosphere unfortunately like many good animated show one short lived maxx must see one time favorite,1
sunday night waiting advertised movie tv said comedy movie started minute passed minute laugh even fact movie ended get even echance laugh please someone tickle lost minute nothing,0
film begin little girl rita seeing father killed apparently criminal squealed fellow crook later part make little sense girl grown adulthood still father past haunt bit later rita meet good nothing date one date bit intoxicated driving like total fool cop give chase speed away killing pedestrian meantime come really stupid part convinces confess crime assures lawyer get scot free oh would agree yet spends next couple year prison soon conviction boyfriend disappears showing total heel chump later release friend jack la rue informs truth boyfriend explains boyfriend family loaded shake lot cash trouble put taking rap frankly make sense certainly owe especially since knew go prison every intention using casting aside br br idea bleeding money rich chump good plot idea however way would occurred first place hard believe anyone could stupid take rap hit run interesting twist dumb lady decides life crime donning wig picking rich guy taking desert robbing gunpoint wow changed apparently love idea stealing phony e rich hypocrite however made sense soon stopped began shaking father old boyfriend bothered petty robbery meantime made little sense also bit hard believe instead wanting money old jerk interested getting put influence behind mob controlled man mayor odd odd br br meantime another plot develops involving young alan ladd undercover agent infiltrated mob chosen happens dead ringer real crook cliché make sense real crook jail committing crime fake one infiltrating mob another town br br eventually evidence ladd able uncover enough issue warrant mob kingpin including rita case bad timing interim made decision become decent legitimate woman met really nice guy want marry wow odds overall goofy rather dumb movie suffers kitchen sink syndrome word way many plot element weird twist make movie least bit believable plus since movie little hour long seems forced contrived relatively bad b movie crap studio prc note performance alan ladd gained great fame following year paramount br br way dvd released alpha video company sometimes release wonderfully obscure title mostly public domain never clean print add closed caption word dvd production value strictly rd rate best,0
know want escavate moon real geneve debated project could lead make possible time machine say movie based fact future time movie scientifical project real hope moon exist happen movie movie saw original movie also read book book like though movie yes totally agree previous comment movie depressing unlike one good force one paralled future good movie,0
br br robot jox great little film ok set bad acting great special effect good film size age remember film year old made cheaply st place cant moan much bad part sit back watch cool film great big robot,1
movie part every around minute long based true story life joe bonanno telling see event notice heard different movie make tied chair till end think possible watch row notice watched row next day row acting movie ok scene awesome general could bather movie acting special effect glamor one show real thing story key movie one look spectacular rambo matrix titanic movie skip one good thing movie follow main story long boring love scene different interrupt something important crime business bonanno,1
major german tv station broadcast mess like amazing main actor avoid every acting talent even well known gottfried john acting poor especially double murder scene amateurish screen plan extended perhaps fill part movie careful fall asleep watching set obviously often blue screen f g scene ship unreal sea background german version sound dubbing poor probably reason different language actor international production handle much professional advice watch diabolic waste time,0
watching half movie noticed something peculiar found constantly switching tv channel see else exactly good movie trait br br movie listed number genre must say mostly failed misserably every one movie switched watch old rerun instead bottom line whole movie felt one making exactly know make ended concoction discernable taste,0
one episode one indisputable error storytelling handling ralphie situation christopher state heard pie death fire accident important detail context quite obvious christopher know beginning tony one must killed ralphie however way chris could heard accident told time torn delirium tony call nobody else informed tony know make even worse hearing christopher talk pie death could therefore lead tony conclusion chris set fire given impressively elaborate writing process told writer dvd really wonder none realized problem story work way unnecessary add huge fan soprano otherwise certainly care,0
drink water unbelievably bad film based broadway play woody allen star jackie gleason comic genius behind honeymooner director howard morris appeared several mel brook comedy life stink high anxiety silent movie made mark animation character voiced include gopher pooh jughead archie beetle bailey went wrong br br think problem premise played seriously work effectively allen original play tongue cheek worked broadway allen remake screenplay r allen harvey bullock beat premise death make many change original play making gleason wife airhead version headstrong woman original one example work br br acting much better gleason best material save gleason comic genius also fine actor demonstrated hustler soldier rain abrasive personality could worked lousy script even give chance bad estelle parson airhead wife drive nut minute see soon take want strangle also shame also fine actress turned two exceptional performance bonnie clyde rachel rachel none actor particularly well either br br woody allen hated film much remade film julie kavner marge simpson lead manage hit right note film comic masterpiece finally video long battle right go find version original good clearing unwanted guest overstay welcome br br star,0
always enthusiastic period drama art form bbc excelled past presentation byron unbelievable unbelievably bad script dreadful acting uninspired character woefully insipid apparently byron mad bad dangerous know set lady heart flutter production appeared tawdry jumped little squirt instead fiery hero womenfolk greek struggle independence said byron walked limp portrayal man limp br br watched whole two half hour waiting something spark life splutter even glimmer utter tedium downright boredom start finish br br opinion one ever better bard avon also believe byron poetry revered mind flung back burner dramatisation life accorded treatment br br think bbc lost nous one,0
dad good time watching flick today guy primarily known serious role de niro heckuva comic actor course help past film image play consider one role minute cop deal interference mass medium interesting set compare contrast performance br br murphy play another axel foley sort character shatner play burlesque parallel world self best known tj hooker star trek br br interesting watch film comment contrast reality police work fictional counterpart tv film shatner lecture proper mean sliding across car hood de niro point holster scratch hood finish ironically film progress de niro character begin incorporate illusion tv cop reality real world case working br br film draw inspiration gamut source one could make comment derivative well satire need derive humor order exist besides film quirky moment originality example reasonably sure method villain death never done br br one quibble reality weapon involved gun kind recoil order penetrate steel bullet enough inertia penetrate bullet highest level inertia moment firing firing volley tank killer bullet driven shooter back onto butt oh heck satire maybe gun lack recoil satire b f gun used casually thriller br br,1
film version sandra bernhard one woman broadway show gaspingly pretentious sandra spoof lounge act superstar sense irony fitfully interesting fitfully funny fan say scathingly honest may true also shrill unapologetic face bravado well suited film genre want make nice certainly make friend always going rub lot people wrong way even meet halfway material seriously lacking filmmaker nicolas roeg served executive producer though directed film chilly detached signature style bernhard co wrote show director john boskovich oddest touch sandra house audience looking completely bored feeling many real viewer likely share,0
seen movie twice time cinemax first time unrated version soft core porn best second time trimmed cut sex nudity version entertaining typical beach movie sort way unrated version tremendous sex scene nikki fritz dude bottle oil world pun intended unfortunately trimmed version scene almost completely chopped sex scene rated unrated still fun watch sibling bigger star stallone sheen travolta etc trying act also get appearance b queen linnea quigley burt ward robin old batman series,1
read biography lincoln maybe accurate portrayal br br maybe used equally alienating unrealistic worshiping portrayal unnaturally deify lincoln brilliant honorable savior country br br would make movie representing lincoln buffoon henry fonda made excellent lincoln portrayal aw shuck simple guy seemed little insulting br br granted bushie jr whole campaign make u think regular guy care rich privileged moron whole story br br film show lincoln sort simple almost simple minded kind guy film state lincoln sort got law accident even interested law falsely simplistic idea law right wrong film good defense attorney lounge around foot table make fun witness outcome mostly determined chance luck br br furthermore partly financed republican reaction play sponsored democrat come partly sentiment time film unfortunately religious racist conservative br br waste time film,0
bliep movie fiend better script nice movie done till end thought okay going back past part barf corny waiting fairy god mother appear wow happen good br br loved big tom hank see movie new form another kid wished older bigger pasé br br watch till come tv get wrong,0
relief find imagining programme summary taxman great remember finding haunting particularly family viewing must time watched think girl age part attraction lead blond hair permanently sad state theme played flute recall although cannot remember went think intro showed playing maybe played flute programme especially sad maybe destined never know ended see clip hear tune least know,1
movie received great write blockbuster coming attraction looking forward release date plot sound reasonable cast alone guaranteed side splitter whoa apart wall betting event quite bore br br never become comedy classic afraid done help fine comedy reputation john cleese rowan atkinson quite funny rowan atkinson sort way,0
teen agers go old deserted farm house left one dead grandfather unaware several murder decade earlier grandfather made pact devil good harvest guy thought something better sell soul man grandson friend set next sacrifice reason never explained stereotypical teenage son girlfriend black guy white girlfriend two lesbian battle three killer scarecrow tricked like nearly fun sound mostly lot chit chat ball kicking dope smoking lead actor complaining never knowing parent camera work atrocious shaky maybe done hand held camcorder scene maybe good thing since scarecrow look like came kid birthday party apparently could hire two people play three scarecrow best movie seen low budget independent horror movie one pathetic cast crew seems made bunch people knew never acted intention acting thousand dollar believe movie cost make weekend free time hand even lesbian skinny dipping scene lame br br think amusing also writing sequel film one even bothered adding imdb br br rate highly skinny dipping scene matter lame may,0
already year eddie murphy longer hot started making movie soon would forgotten funnily enough also year murphy directed first film also would first last experiment harlem night exactly call success even great see two best black comedian together namely murphy richard pryor blame actor played role like expected even face typical murphy laugh worst thing harlem night scenario terrible decor everything set roaring twenty everybody profit forbidden club sugar ray pryor adopted son quickie murphy gathering easily dollar per day course soon mob corrupt police come around corner claim part cookie sugar quickie guy give money free plan watch harlem night sure puke moment hear name murphy better avoid movie nothing lame excuse see good joke,0
like circle movie lead back point departure image crane crossing muscovite sky represent freedom realize life wish order aspire greatest possible fulfilment br br beginning veronica boris experience promise happiness eye follow path crane exhilaration seems might able live according dream br br man bird life draw rule human escape cannot change even making supreme effort war break without much hesitation boris sign front order fulfil patriotic duty cannot even say good bye veronica arrives late assembly point soldier sent away surrounded jubilant crowd attempt attract boris attention must inevitably fail br br boris eventually get killed war without veronica learning moment brother mark vigorous musician obtained exemption military service corruption eager take place veronica initially resists frightful night bombing finally fall victim charm marriage take place never accepted family br br soon feeling guilt seize hold veronica realizes boris return one thing actually longs therefore eas bad conscience despair self sacrificing work field hospital br br war finally crowd enthusiastic people gather order cheer victorious soldier veronica among forcing way wall body hand carrying bunch flower finally give away complete stranger one homecomers dashed hope confirming sad certainty boris death br br crane invade sky drawing wayward line veronica watching look eye different one accept impossibility live according preconceived plan follow guideline dream human nothing helpless puppet hanging inscrutable string fate br br,1
movie waste time money throughout entire hour half continued wait get better never slow moving plot jumped around scary interesting really never amounted anything credit introduction long drawn basically like rest movie long drawn numerous part plot made sense several time movie thought maybe zoned incongruity plot however companion issue assured zone boredom indeed movie actually never posted movie actively looking movie imdb numerous year fact actually taking time write something speak volume bad movie waste time money,0
nearly always case britain come entertaining successful sit com quiz show yank come along poach format produce grossly inferior version man house course exception rule yank version three company unwatchable braindead pap seem run forever prime example quantity non existent quality original hand fondly remembered gem savvy like fawlty tower pull plug precisely right time unlike episode hilarity three company came jo cute brilliant chemistry roper richard sullivan made look easy script whilst exactly oscar wilde standard consistently funny chrissy drop dead gorgeous woman walked face planet since dead sea merely feeling unwell nuff said,1
certainly one time fav episode trek much going one film crazy cool first guy beam alien planet thats explode meet freaky librarian type dude well played kirk manages get transported back much like th century earth mccoy spock try follow instead nearly freeze death frozen version alien world year past kirk manages get locked charged witchcraft spock enjoys amok time sexy cavegirl vanquished frozen awful world bad guy br br spock decides he happy he give mccoy royal assestment whuppin doc suggests need look way anyhow finally escape leaving poor cavegirl behind take ton convincing spock finally give leaf literally taste sadness end leaving cavegirl alone frozen wasteland seems cruel really touching spock must vulkin mind leave behind greatest hope love human albeit nice neighborhood br br anyway get much bang buck episode love story salem witch trial spock human desperation left total isolation abandoned three entirely different setting alien planet amazing managed jam one fifty minute film one classic miss want dvd fer shure vulcan,1
kid remember watching visiting friend uncle phil back dinosaur story silly cartoon dinosaur called rex voiced wonderful john goodman tell little boy dinosaur story dinosaur came back earth live explains part thing brought back along friend doctor professor villain film think might responsible back care kid might like personally cheesy john goodman probably decent thing poor,0
heard lot different opinion film find paris hilton well give best impression film dragged cinema group friend sit expecting pile pant shocked find scared stiff way film predictable yes build death whole atmosphere film made really scary watching finger whole way say go watch decide fact scary film convince go watch also chad michael murray bad watch couple hour eh,1
bought vhs film two buck waste money hey dig adam batman west tina giligan island louise hello third rate production rehash dozen biker film crazed bunch bikers psycho ride hick town beat everybody everything defeated man dashing hero adam west look part hero missing cape batman uniform sorry tina l look really nervous frightened whole show least know happened ginger rescued island lol bikers motley group known ever acted least hell rider hell watch,0
hosted robert deniro present footage outside inside twin tower new york september br br never grisly gory yet powerful moving real treat anyone moved television show immune anything br br star br br,1
long way laura otto preminger directs dana andrew star police detective named mark gene tierney beautiful woman haunt nothing else sidewalk end resembles everyone favorite sophisticated murder mystery instead deliciously quotable dialogue get gritty harrowing realism earlier film took place ritzy upper echelon new york society low rent district dark street hoodlum cheap restaurant crummy flat tierney gorgeous ever work department store mannequin life washington height neighborhood doll got fox fur laura mark mcpherson time andrew mark dixon older sadder troubled version cool cop trench coat br br sidewalk end belongs sub genre noir movie police brutality focusing cop control violent impulse like kirk douglas character detective story dixon owes seething contempt crook father criminal past douglas self righteous blind fault andrew burdened repressed guilt self loathing accidentally kill suspect cover action attempt throw suspicion slimy gangster gary merrill vainly pursuing year instead kindly cab driver suspected father dead man estranged mistreated wife morgan gene tierney dixon falling love wife man killed try desperately save father without giving away br br among noir protagonist dana andrew distinction incapable appearing unintelligent even playing average joe usually always come across unusually sensitive perceptive air thoughtful comfort give haunted haunting quality essence actor played ordinary guy cop soldier always tragic undercurrent seeing knowing much conscientious hero marked exhaustion guilt inability ever lighten actor could expressed well bottled anger slow burning pain agonized intelligence mark dixon also muted tenderness muffled warmth even wry humor make heartbreaking come take morgan restaurant regular first time see cold brutal man trading mock insult waitress whose sarcasm hide affection concern dixon asks partner money get lawyer morgan father supply even though recently argued dixon threw punch word loyalty knowing good guy deep see man anguished silence wife resignation hand jewelry pawn dixon goodness come across people reaction much andrew deeply moving performance br br though dana andrew minor star may quintessential forty man go movie hardly ever taking overcoat boxy mid century silhouette fortified fedora glass bourbon cigarette take mouth talk look imprisoned masculine ideal toughness impassivity many noirs romanticize two fisted tough guy sidewalk end offer unflinching portrait reality behind façade gripping melancholy exploration root consequence violence br br andrew sadly underrated time one three protagonist best year life nominated academy award though low key performance far compelling frederic march hammy oscar winning drunk fortunately andrew appeared film ensured immortality last little known film contains best performance seen part marvelous fox film noir set series including number never released title nightmare alley thief highway suggests twentieth century fox may finest record major studio came film noir,1
well know begin obviously made tv movie expectation low pleasantly surprised overall direction second hour anything seemed paint number sort movie br br talk bad chemistry tow lovebird detective br br would go depth movie really deserve grade imdb rating,0
saw movie first came teenager time saw girl friend later became wife remember movie made feel possible beat odds cinematography well done memory serf correctly boy little much girl character interesting thought romantic might intro first time girlfriend seen movie since wander gone wayside would love watch see good remember elton john sound track excellent,1
routine mission iraq group delta soldier recover computer hard drive alqueda training camp detailing location weapon specialist dr walsh witnessing termination top secret weapon development program dr walsh find alternative funding source set new research facility deep notorious belzan forest chechnya developing weapon selling chechnyan rebel team delta sent black ops mission retrieve doctor technology russian find lab delta team soon discover doctor latest weapon flock large carnivorous bat genetically altered develop taste human flesh found movie much better expecting lot action lot blood less would expect creature feature acting great passable certainly seen worse overall enjoyable movie good popcorn movie,1
spoiler alert throughout australia summer turned deluge rain hail stone size baseball causing havoc coastal city like sydney hectic condition tax lawyer david burton richard chamberlain got involved case defense attorney involving death local aborigine found dead outside sydney bar br br five fellow aborigine arrested billy cormans athol compton death determined police coroner billy died drowning violence even though bruise neck shoulder yet court decided prosecute five death charging manslaughter instead murder br br david defending five get help defense accused assailant opting remain quite keep happened billy take coming court one defendant chris david gulpili begin somehow invades david dream want tell really behind billy death br br david first taking dream chris seriously begin sense real meet courthouse chris confirms david dream showing strange looking black rock david saw chris dream later meeting chris turn aborigine shaman charlie nandjiwarna amagula came house evening david told like charlie spiritual power inherited mother grandfather power reveal future strange weather condition flooding australian continent earth chris tell david going gigantic cleansing cycle old world washed away new world ready take place br br david confused chris charlie telling rain continue increase ocean wave start rise feel something terrible going happen david want know aborigine folklore scientific fact logic behind end world like revelation br br obvious chris charlie member aborigine tribe right heart modern sydney alone get chris well four friend murder billy since australian government prosecute tribal aborigine leaving justice done tribe still chris refuse admit member native tribe four friend convicted manslaughter billy death sentence handed judge within day br br david determined find reason chris silence billy die taken chris scene crime david find billy betrayed chris tribe member going billy member chris aborigine tribe also revealed david kind spiritual connection austrailan aborigine charlie step father rev burton david parslow told br br stage set great final cleansing cycle david seeing night time dream day time vision come form massive tidal wave rolling pacific ocean australian coast city sydney submerges entire continent,1
ok want test somebody comfortable adolescence embarrassing maniacal change therin get immediate reaction watching uproarious doc kid making socially relevant horror flick suburban movie ever seen film deal burdening sexuality ego way completely human never dull flushed kind inherent goodness youth discolored fear frenzied adult world quirk youth accredited anything insanity perversion mini mogul darren stien seems reaching deeper understanding triumph misgiving patriarch strict kid world find others always pretty show one improve reconcile age change mean without reflection love movie,1
expect lot ghost story expect story make bit sense asking much screenwriter filmmaker bad guy sudden becomes homicidal maniac solely bunch crow start pecking problem spending ticket alfred hitchcock would spinning grave anyone learn anything college film class good movie root interesting story br br ridiculous message movie desperate financial problem move chicago middle north dakota grow sunflower kid toddler serious neurological problem car accident move away best hospital speech therapist country isolated small town best community hospital hire drifter live work blue without checking reference teenage vixen daughter wife toddler glad parent br br town everyone know everything would problem missing triple homicide outside town course blame man lunacy bad crop sunflower anything else grow north dakota couple day buy rundown house huge vine growing everywhere reminds jack beanstalk guy x file ala smoking man glad see cigarette get guess inhale suddenly sneak working offer sale price home plus absolutely reason br br think get picture seen many godforsaken awful movie past month blow mind difficult make movie treat audience like idiot glad least crow sorry film turned brain wish could say whomever think going make money celluloid piece trash,0
great example good dumb movie high art mean script anywhere close woody allen mel brook killer tomato series four movie cartoon series basically good natured romp gleefully trampling kind territory zuckers ruled switched making serious flick br br title suggests fourth installment killer tomato trilogy deal killer tomato plot france case professor gangrene john astin rd time role plan rule france ancient prophecy return rightful king france steve lundquist return igor humanoid tomato want sportscaster happens dead ringer long lost true king france obviously also play aforementioned l l k f happily skewering french language br br opposing fearless fuzzy tomato like others ft introduced second film would main character cartoon human ally mark price recently unemployed result conclusion family tie series play thinly disguised version passing michael j fox way win girl dream angela visser dream marie gleefully bouncing unabashed virginal sexuality borderline psychosis oh former miss netherlands film career another returning member killer tomato stock company rick rockwell best known hapless title subject want marry millionaire like co creator john de bello rockwell work front behind camera series br br say jon de bello much really except singular vision managed pull done apparently dropped obscurity john ever see thanks giving u killer tomato br br script heavily obnoxiously aware movie like return killer tomato action occasionally veers set middle film crew mark price funny forum complain lack success compared former costar michael j fox biggest budgeted killer tomato flick nice send series okay show moved fox kid cartoon series also quite clever cartoon,1
blackwater valley exorcism set small town ranch teenager isabelle kristin erickson found wandering around covered dog blood parent ely randy colton blanche leslie fleming mitchell ranch deeply worried daughter recently considered danger ranch hand ex priest miguel del zamora recognises isabelle symptom possible case possession start speak ancient latin strange voice becomes convinced blanche call priest jacob cameron daddo daughter claire madison taylor ex husband see isabelle confirms miguel suspicion accepts job performing exorcism hopefully banish demon inside isabelle innocent girl free br br directed ethan wiley sat house front telly watching blackwater valley exorcism kept asking question keep sitting awful low budget horror film look like shot camcorder right let honest blackwater valley exorcism complete total utter unashamed rip exorcist literally tick major plot point two share possessed teenage girl start get horny suggest inappropriate thing demon us past misdemeanour worried parent way possessed girl shunned doctor priest troubled past possessed girl tied bed amongst thing suppose blackwater valley exorcism different total crap try give character screen time try get across situation affecting badly written acted end boring film start isabelle already possessed never knew like normal person never really care happening either rest character poorly written fleshed time wondered whether blackwater valley exorcism spoof silly scene vet try sedate possessed isabelle horse tranquilisers state need little prick enters room huge needle hidden behind back scene people punched accompanied silly comedy sound effect film uneven tone result go silly spoof serious horror drama opinion least br br according text opening credit blackwater valley exorcism based actual event yeah right actual event happened film called exorcist piece text also state exorcism scene supervised real priest even decent gore exploitation liven thing scene cut arm dead dog someone stabbed crucifix surprisingly bad language either despite demon trying offencive would imagine reason blackwater valley exorcism adult rating one brief scene pair breast seen one pair naked female breast worth time watching money might spend zero scare atmosphere really amateurish feel whole film br br supposed budget must say wondering money went film look ugly cheap throughout special effect speak production value rock bottom acting poor involved genre favourite jeffrey comb get near top billing opening credit nothing cameo amount five minute screen time even must feared bad going hide behind moustache terrible accent better br br blackwater valley exorcism complete rip exorcist without anything made film classic maker thirty five year late anyway total turkey start finish,0
decide watch wild rebel expect anything deep meaningful looking film explores relationship structure motorcycle gang wild rebel wrong movie looking expose breakdown american educational system problem juvenile delinquency wild rebel wrong movie looking movie examines undermanned rural police department facing well financed well organized gang wild rebel wrong movie looking absurd movie filled scene scene unintentional humor horrendous acting paper thin plot community theater style production value wild rebel right movie br br wild rebel story luck stock car driver named rod tillman steve alaimo fiery crash rod walk away completely unscathed despite cotton pant london fog style jacket protection rod decides give plan future wander aimless back road south stumble satan angel motorcycle gang gang three stupidest guy ever zip leather jacket woman seem share group hoodlum spends time terrorizing rural town florida committing atrocity stealing newspaper neighbor mailbox bumbling idiot need someone act driver larger crime planned apparently three einstein drive vehicle two tire four recruit rod perform feat daring experienced stunt driver would capable like keeping car middle gravel road low speed chase eventually hold bank get aforementioned low speed chase lamest gun battle police ever put film could go forever get idea br br hate term bad good seems aptly describe wild rebel,0
reminded spinal tap serious level story band reunion tour thing harmonious especially impressed performance bill nighy ray felt sorry yet certain creepiness great movie watch ever seen favorite band get wrinkly old pathetic bittersweet highly recommended,1
mess referring destruction title could go hackneyed plot lousy effect actually notable cast grimacing deliver worst line career etc say palm tree chicago last time checked leave br br hmmm need ten line get posted imdb ok well think dvd release outtake could interesting maybe dennehy reveal favor got called appear thing maybe dianne weist show u bag money must taken get involved maybe cbs exec apologize,0
stuff going moment mj started listening music watching odd documentary watched wiz watched moonwalker maybe want get certain insight guy thought really cool eighty maybe make mind whether guilty innocent moonwalker part biography part feature film remember going see cinema originally released subtle message mj feeling towards press also obvious message drug bad kay br br visually impressive course michael jackson unless remotely like mj anyway going hate find boring may call mj egotist consenting making movie mj fan would say made fan true really nice br br actual feature film bit finally start minute excluding smooth criminal sequence joe pesci convincing psychopathic powerful drug lord want mj dead bad beyond mj overheard plan nah joe pesci character ranted wanted people know supplying drug etc dunno maybe hate mj music br br lot cool thing like mj turning car robot whole speed demon sequence also director must patience saint came filming kiddy bad sequence usually director hate working one kid let alone whole bunch performing complex dance scene br br bottom line movie people like mj one level another think people stay away try give wholesome message ironically mj bestest buddy movie girl michael jackson truly one talented people ever grace planet guilty well attention gave subject hmmm well know people different behind closed door know fact either extremely nice stupid guy one sickest liar hope latter,1
movie surprised thing clicheish technological element reminded movie enemy state starring smith part entertaining good mix jamie foxx comedian mike epps wannabe thug julio ramundo providing comic relief movie watch say wednesday night nothing else gave entertainment value,1
possibly best short crime drama ever seen acting superb especially amanda burton character go scary sweet disturbing sad amazing job balancing rachel carlas feeling acting pain someone lost child believable feel like real life story drama actor course great usually british tv film ending going give away fantastic mainly really get one get mean seen well worth buying seeing touched one cold hearted person,1
understand movie released looked like something show mate borrowed mum handycam bought australian work video store uk thought aussie film made store bad boy wrong br br anyone writes good comment movie either lying maker film br br picture bad sound horrible acting oh acting worst acting history film br br make embarrassed offended used word aussie title proud australian movie seen country may give people wrong idea br br please anyone read seen movie take time find aussie movie watch could choose one would better one br br could made better film took camera filmed hour ate film waited pas body threw came television offence br br watch film,0
saw yesterday sao paulo intl film festival going came see rated time pretty nice rate br br minute dying get never felt embarrassed producer movie screening br br like dialog shallow lead nowhere character shallower dialog nothing lead anywhere worst worst plenty siemens organic advertising movie despite fact already paid go movie entertain still bombarded main character chatting internet siemens mobile popping time lap top another character bath cutting hair organic shampoo displayed enormously screen would bearable plot character romance anything good bad really bad know sex city br br waste time money,0
excellent example early bette davis talent production average timeframe cannot understand owner right film put dvd owner please please release would buy immediately seen thirty year television remember well,1
watching movie think last year must say never felt bad felt watching extra large bore movie bad bad song song nobody watch movie director shown german speaking english rubbish german speak english one scene white girl asked himesh autograph obv must gave money promo shown prepare laughing riot could say one scene himesh laughing reason may think funny hansika good like angel young yr old plenty time know watch movie else waste money,0
newlywed couple move home husband dead former wife long new wife begin feeling someone want house see skull around house husband investigates find anything someone trying drive back asylum recently discharged ghost dead wife trying get new wife house br br first time watched screaming skull without assistance mstk crew likelihood last time watch way say dull talking ordinary dull talking watching grass grow dull great stretch movie nothing happens screen could gone blank would gotten much entertainment character drone monotonous conversation imaginable screaming skull could probably marketed sleep aide br br actor help matter much deliver line conviction normally reserved grade school play looked would shocked find anyone associated movie ever appeared anything cinematic value even go script actor given work let say character given idiotic line ever uttered film br br warned either avoid one cost least seek mstk version,0
south african living south africa year stay uk sorry say movie huge disappointment three main problem movie swank ejiofor american nigerian play lead country bursting talent need import b gillian slovo trading struggle credential year mediocre writer even novel stand flaccid direction mr hooper c hilary swank great actor proved million dollar baby eastwood dressed contemporary new york style whilst roaming freely around poverty karoo consideration sensitivity needed costumer director yes film ultimately moving could overall mood conclusion one tremendous letdown heart right place need pace maker,0
movie three year working hollywood bette davis finally got role claimed put force reckoned mildred rogers davis burst forth completely unsympathetic role slutty waitress becomes target leslie howard affection already eager sink teeth role like qualm awful thing character meant throughout course film awful transformation would undergo also widely noted performance one thing make slightly uneven movie watchable one remember even two remake scene rip howard made cinema history br br circa minute story move nice pace telling story philip carey howard life cross destructive mildred rogers br br howard davis chemistry non existent davis sustained interview much later life personally care much howard iciness towards helped act even worse character towards mildred two seem awkward one another scene together remain stiff salvaged ferocious acidity davis brings line nervous presence cromwell direction certain stiltedness fails come time try fill space whenever davis dissolve montage indicating passing time calendar superimposed changing france dee much style back technicality complicated camera angle came essence visual story simplified bare essential translation somerset maugham novel saying lot since page human bondage would indeed hard film even br br storywise feel philip carey may something glutton punishment since discernible sexual attraction mildred compound mildred never hide displeasure get go howard performance never seems go much external emotion eye constantly sad expression never veers far away lost could almost distant cousin william hurt accidental tourist dejected hurt absolutely passive possibly part character reason fails see woman played kay johnson france dee making vulnerable unrequited affection interestingly johnson norah realizes carey never fall one sum story observation people bound people bound carey carey bound mildred mildred bound miller men fit role provider short memorable scene one hold essence story moral,1
movie nothing like book think writer screenplay must wanted job writing sequel gone wind turned way getting idea anyway similarity movie story portraying name principle character location main action none event shown movie happened way book gone wind fan book movie deeply disappointing loved book scarlett watch movie hoping see played screen share title common,0
yes might historically accurate actually soldier th rota killed yes mistake exaggeration bended machine gun come history lesson afghanistan never conquered anyone educated russian officer would know history much better take example british campaign afghanistan yes multi million dollar hollywood style special effect strongest point showing soldier life relationship feeling best friend killed front eye opinion ya rota really good job showing thing br br movie weakness opinion appears one strongest russian movie past year br br,0
word fail br br common br br done properly could great funny spoof b movie sci fi sadly rarely field drama many competent actor struggled vainly dog breakfast script endorse previous reviewer comment go clean bathroom fact anything except watch film br br positive lucy beeman nose negative everything else br br apposite line going anywhere br br every plastic surgeon could meet fate,0
worst movie seen year watch lot cable plot ridiculous scene thrown action start ending scene random idiot make scream plane special effect spielberg would laugh as horrible yellow eye contact lens cute though admin bear watch end scene great scientist bennett holding dear life engine body much sorry bad english romania first post sign make comment movie believe movie released,0
bbc production jane eyre starring zelah clarke timothy dalton love always always favorite jane eyre watch version jane eyre without reading book like watching regular movie forget next day watching one almost equal reading book used watch miniseries lot little inspired read book time pay attention close television production book recently watched version jane eyre disappointed hour long many important scene book favorite gypsy scene fell love jane eyre even includes important scene book tell whole story version read book br br cast jane eyre excellent true timothy dalton handsome actor handsome enough play butler scarlet julius caesar great rochester imagine anybody else playing role zelah clarke without doubt jane follows description book thing make film great clothes makeup actor jane look modest naive bronte describes although look actually pay attention br br people say jane eyre long would rather spend whole day watching spend hour watching version say movie dull boring jane passionate enough enough kissing scene hate make jane eyre hollywood movie inappropriate kissing scene include crazy madly love scene show love jane rochester zelah timothy express love perfectly scene needed year old many girl age refer film boring old fashioned feel sorry appreciate purity beauty novel set th century old fashioned look make attractive like book br br think ever version jane ayre popularity love one matter play jane rochester movie real jane rochester least always zelah clarke timothy dalton,1
´s well balanced mini series historical fact good plot four delivery follow north american family member see also follow story several character black reverend extremist student leader soldier vietnam filmography extraordinary first chapter see shot vietnam war scene next chapter start last one finished start time giving u little mystery happened general ´s mini series must see hippy fanatic everyone little curiosity topic,1
shining know weird movie movie everyone people claim like horror film always say shining terrific film stanley kubrick classic vision stephen king horror tale madness blood incredible film wither seen heard know line know classic image could forget jack johnny could forget work play make jack dull boy could forget chilling ending film unforgettable honestly opinion kubrick best work know lot argument department lot people say space odyssey clockwork orange even dr strangelove film pioneered film making shining perfected tale isolation madness terrifying image ultimate ghost story crawl underneath skin br br jack torrance jack son danny jack wife wendy arrive overlook hotel closing day elderly african american chef dick hallorann surprise danny speaking telepathically offering ice cream explains danny grandmother shared gift called communication shining danny asks anything afraid hotel particularly room dick tell danny hotel certain shine many memory good advises stay room circumstance danny curiosity room finally get better see room opened danny show injured visibly traumatized jack tell wendy love family seeing wendy think jack abusing danny jack wanders hotel gold room meet ghostly bartender named lloyd danny start calling word redrum frantically scribbling wall go trance withdraws say tony imaginary friend jack sabotage hotel radio cutting communication outside world hallorann received danny telepathic cry help way wendy discovers jack typing endless page manuscript repeating work play make jack dull boy formatted various way horrified jack threatens knock unconscious baseball bat locking storage locker kitchen jack converse grady door locker unlocks releasing danny written redrum lipstick door wendy bedroom look mirror see murder spelled backwards jack pick axe begin chop door leading family living quarter johnny jack legendary image born br br shining one film seriously make time see incredible film still give nightmare jack nicholson performance timeless unforgettable one also feel extremely overlooked shelley duvall scene finding jack rant work incredible look horror see fear face realizing husband mad also another incredible scene jack see ghost woman bathtub honestly one terrifying scene horror cinema reason film well known film perfection simpson shown film film forever stay see trust br br,1
another brilliant portrayal kiefer sutherland play mickey hayden cop dealing psychic vision murdered victim absolutely love movie dealing psychic realm disappointed eye killer aka alice wish movie released theatrical first,1
look know may suck right pain temporary film forever whatever right burned celluloid time thousand year come  robert de niro br br initially film steven spielberg director hiring several screenwriter adjust screenplay suited theme dysfunctional family threatened deranged monster form recently released prison robert de niro like jurassic park poltergeist war world dysfunctional family band together defeat beast beast creation father lawyer failed defend de niro trial br br typical spielberg fashion father kill monster undermines family promptly absolved sin like oscar schindler robin williams sam niel tom cruise virtually every daddy figure spielberg land father reclaims paternal duty kind bittersweet coda spielberg enjoys br br spielberg eventually abandoned picture project instead turned martin scorsese time seeking try hand commercial fare result arguably worst film scorsese filmography ironically illuminating br br artist failure misfire often revealing exposing inner working art story work character connect image sear find left kind inner core  remaining carcass director cinema br br cape fear impersonal film find thematic connection rest scorsese filmography already sacrificed de niro yell film theme catholic redemption cookie cutter film though expose kind language filmography hinge watch scorsese camera desperately whip back forth zoom frantically onto doorknob window attempt force tension character loud screaming attention importantly watch film make spatial sense showdown boat end film take place obvious sound stage street parade claustrophobic take place within larger context family house seem exist anywhere particular simply geographical sense anything picture scorsese unable film space create kind spatial environment br br reason scorsese camera always bound intimately tethered central character world around character make sense camera focused character resnais take around french hotel welles hitchcock dance street building cameron give tour titanic scott recreate entire future cityscape lucas give alien desert planet director create sense space textbook close mid shot wide shot combination scorsese poetry sense tangible space film character break tether leave boxing ring taxi cab look away de niro everything collapse simply cannot break away documentarian style shooting way prerequisite action film making br br scorsese tried rectify problem gang new york space set become central character even self consciously spatial experiment get sabotaged magnetism daniel day lewis actor drawing scorsese camera inexorably toward like moth bulb br br  even generic b movie ugly vulgar looking film look matte painting inept attempt tension silly rotorscoped special effect hokey fistfight showdown still robert de niro pick slack de niro give body scorsese like tattooed christ give film great scene improvised romantic sequence young juliette lewis stick thumb mouth kiss kind symbolic rape girl run away aroused repelled man interest br br de niro performance deliciously top simply imitated scorsese need operatic tone baroque visuals someone like de palma make work scorsese nope br br worth one viewing,0
named everybody love sebastian rural go nowhere town high school junior senior seemed flip flop one weird hair leo like good look big plate full issue step dad announces definite plan sex change operation upon mom call marriage quits sebastian called f word everyone mother kissing around various girl getting high ready whip supermarket saving strawberry prostitute clutch ruthless pimp br br sebastian buddy make eddie haskal look like choir boy bad association get much worse sebastian seems go harold suicide attempt record although admit suicidal tendanccies apparent reason genius level sat scoring sebastian must graduate year early although clue future want attend college give nonsense br br film look week life someone pretty messed final scene suggests thing alright although left entirely viewer br br maker film seem bank solely undisputed appeal attractive male lead story leaf lot desired looking gorgeous kid next exactly satisfy lackluster production value measure film independent otherwise low budget weak story need pretty face carry result project forgettable insult intelligent cinema fan,0
want state first christian work film tv industry understand like work feature length film prop filmmaker regard positive uplifting message true nature life fallen world thing always work even follower christ glad others overwhelmingly positive reaction overt christian message execution film fell face movie life dy story one dimensional stereotype exposition aplenty spontaneous change character behavior inexplicably say least believe film club head message get point across sure kendrick bros improve time storytelling method well maybe could direct someone else screenplay next project br br sport film exactly first love good one hoosier field dream etc inspire multitude way would interested pg rated film inspires give steven soderbergh king hill look truth god truth,0
second beginning title explains show u beginning end human race set long matrix existed short anime written wachowski show u world could lay infront u distant future set turn st century second renaissance delf issue common human behaviour greed power control vanity etc br br use robot artificial intellegence slave servents common among science fiction fantasy story second renaissance exeption concept however instead simple man v machine layout story explains struggle machine put struggle acceptance world ruled human matrix film show u human perspective short animation tell side story br br second renaissance part answer many question brought original matrix film war broke sky blackend led use human battery also introduces u machine city called may relevance upcoming matrix revolution film br br give away much story want ruin experience perspective viewer however recommend anybody interested world matrix simply anybody interested japanese animation anime br br,1
happens one favorite horror film rich classy production boasting excellent cast ensemble actor beautiful location cinematography haunting musical score intelligent novel plot theme atmosphere dread menace reminiscent classic film rosemary baby shining wherein young vulnerable woman find victimized supernatural force old creepy building macabre past cristina raines play top new york city fashion model named alison parker happy outgoing exterior mask deeply conflicted troubled soul evidenced revelation past attempted suicide twice teenage girl walking degenerate father cavorting bed two woman rip silver crucifix neck toss floor second time married lawyer boyfriend wife supposedly committed suicide learning affair telling beau played suitably slimy chris sarandon need live year answer newspaper ad fully furnished spacious one bedroom apartment old brooklyn height brownstone building actually exists located montague terrace right brooklyn height promenade remsen street producer actually filmed inside building apartment paying resident inconvenience course real estate agent miss logan ava gardner seems interested alison take apartment interest cannot solely explained commission would earn especially quickly drop rental price month alison agrees upon leaving building miss logan notice elderly man sitting apparently staring top floor window miss logan identifies man father halliran tell alison blind alison response logical blind look moving alison meet resident building including lesbian couple played sylvia mile beverly angelo provide alison uncomfortable welcome building alison mental health physical well soon start deteriorate plagued splitting headache fainting spell relay concern miss logan sleep disturbed nightly basis clanging metal loud footstep coming apartment directly dumbstruck learn apart blind priest one lived building last three year summoning courage one night confront nocturnal tormentor arm butcher knife flashlight enters apartment upstairs confronted cancer riddled specter dead father us knife self defense come police investigate find sign violence apartment corpse blood nothing yet alison fled building collapsed street covered blood turn nary mark alison realize film denouement brownstone purpose put reason reason whose origin date back biblical story garden eden angel uriel posted entrance guard devil unknowingly primed prepped catholic church assume important role one guarantee soul damned two suicide attempt saved time invisible neighbor turn quirky oddball different agenda mind competent intelligently done film one surprisingly portrays church representative mostly sympathetic light,1
romantic comedy bad funny thing happening rather memorable character br br acting however amateurish exception banker scene great fun others simply embarrassing particular found romantic part story poor br br guess worth seeing like football romantic comedy really bad movie ending feel quite good expect anything ordinary fair enough hour quarter kill,0
probably best cinematic depiction life manhattan ad agency pressure perform client agency demand party creativity money cool surface powerful corporate undercurrent br br toss parenthood dustin hoffman br br movie textured deep follows internal relationship try understand live going relationship meryl streep friend becomes friend relationship son br br meryl streep great set record least screen time win oscar sure deliver though,1
never seen movie annoyed much movie stupid people stupid terrible thing funny movie must say plot line awful patience watch saw half enough character inspired terribly annoying movie goofy guy trying hook tyrannous bos daughter finally manages talk asks go night home watch father owl think invited go party home pm get disappointed finding take care owl boyfriend father leaf home leaving precise order taking care house beloved bird appears secretary renegaded son sort funny stuff happens house finally hook bos daughter trust movie terrible,0
admit review point view nearly year making movie time conception may brilliant horror thriller movie br br beginning halloween night year old michael commits brutal murder year old sister michael committed mental institution year later escape return home town murder br br point clear movie follow basic rudimentary path highly predictable beginning every scene easily predictable way end whilst music scene containing michael murderer exactly throughout movie thus alerting viewer likely event follow br br horror thriller enthusiast severe lack blood gore compared modern day film although akin amount displayed day age happier medium could found br br half hour movie one scene unexpected acting horror thriller film fairly typical era thus lack punch modern day enthusiast br br positive film lingering camera shot dark lighting creates frightening atmosphere second positive would character michael doctor provides clue probability story may lead br br however clear star jamie lee curtis infancy stage acting career thus fails provide truly frightened central victim br br hard rate film day horror thriller film indeed lesser extent fall far short truly great horror thriller film br br suggest move find classic cheer,0
bonnie clyde thelma louise fine road movie set two main character gently easily viewer learn underlying tension quickly tribute director young french english speaking son want well france french girlfriend drink alcohol party young men moroccan arabic french speaking father devoutly follows muslim faith generosity wisdom elder reject new culture surrounding like mobile phone film could explore powerful politics odd couple drive thru former yugoslavia thru turkey thru middle east get mecca area muslim population involved war repression ethnic cleansing dictator pursued torture summary execution hold power religious community constant deadly battle yet film move thru place possibility hint agenda relationship two key film faith politics backdrop seems saying human need understand care order manage well world certainly natural born killer better,1
movie written directed produced intention creating bad movie cult classic might say might hit ever sat watched movie absolutely awful becomes fascinating term fault well every one acting cast nominated worst acting performance award would hard find another film kind production budget contains little value whatsoever whole thing opening scene defies logic dialogue completely unbelievable illogical ditto behaviour general storyline film really mind boggling buffoon boardroom actually made decision spend money piece trash wow,0
really problem rating movie directed brilliantly obviously lot money gere dane intense although screen personality could use bit defining spicing editing cinematography excellent hand one really really sick movie one cannot help wonder whether director like stage specific scene yes one cannot help wonder many copycat movie inspire br br purely artistic term really ask people giving money produce movie,0
kind film fascinated strange psychotic nightmare movie also dark comedy see mostly horror thriller others might see black dramatic comedy br br either way fascinating descent madness ending caught guard ending leaf viewer lot think br br powerful performance complex detailed plot great script filled dread dash humor eerie atmosphere make film worth watching br br personally think need watch several time pick understand subtlety within film pleasure chore,1
one worst movie seen long time story boring dialogue atrocious acting hammy sure movie result film school homework project certainly played like one even particularly successful central conceit trying appear single continuous take whooshing horizontal camera pan cheap unoriginal way hiding cut,0
one horror movie based tv show get right friday th series connection movie poltergeist legacy sure may loosely connected movie feel like throw famous title show fan watch br br show freddy burned elm street parent st episode believe amount parent disappointing kid targeted st movie expect parent oh well br br freddy basically narrator show watch action people real world sometimes getting involved somehow like anthology show like tale crypt supernatural surprise ending twist involved br br acting lack believe violence sometimes surpasses movie show lasted couple season made around time th movie heard canceled due protesting parent watched lot r rated stuff kid shame parent ruin everyone movie came series total loss,1
excited see movie first place group u decided go see opening night felt like getting walking attempting get money back minute film felt movie boring uninteresting true many aspect including gaming tried best fall asleep movie watched one worst horror film ever seen scary movie series scarier movie sad attempt pull gothic girl overworked business man year old geek random guy video game kill bad plot begin try throw horrible love scene main character kiss another girl saving minute girlfriend murdered theater packed movie started end little half people left feel need waste hour minute time seeing movie prepare feel cheated,0
diagnosis murder shown weekday afternoon bbc since used watch ill school good year ago know really enjoy way enjoy murder wrote totally addicted even dvd box set ok know sad br br dick van dyke carry show star dr mark sloan doctor community general hospital l also police consultant l p son steve barry van dyke dick real life son police officer need father help many suspicious death br br along ride dr amanda bentley victoria bentley resident pathologist community general first couple season scott baio playing dr jack stewart upped left series hoping go bigger better thing stayed done anything note since theatrical appearance many year baby genius superbabies oh dear br br anyhow dr jack stewart replaced younger dr jesse travis played charlie schlatter stepped baio shoe pretty comfortably br br series highly implausible whodunit series murder wrote everywhere jessica go someone end dead underrated father dowling mystery murder solving priest nun sidekick br br series much lighter supporting cast included bumbling hospital manager norman briggs played michael tucci along nurse mark secretary dolores played delores hall character longer included series became grittier affair bigger looking budget episode included far action one episode entire hospital blown br br family show van dyke well dick son barry also dick daughter grandchild making appearance various episode br br series went got bit silly one episode remember dick van dike play entire family bit ordinary whole diagnosis murder really good tv show numerous good guest star br br since show finished dick barry appeared together murder series tv movie made hallmark channel pretty much following path still enjoyable dick mid seem change great deal look working till bitter end br br tv show,1
course could obviously co opted several aspect excellent movie also based sensational french case self described doctor world health organization murdered family finally unmasked fraud emilio refers son monster sings radio car hang park bench specializes investment scheme defraud family friend directly lifted time came year nobody life bad movie pretty good good acting writing whereas vincent time much subtle character seems sense ethic even though time get twisted knot protagonist seems devoid character save winning look charm seriously part used x ray show mother law cancer bilk money father utilizes subtle twist scam avoid eviction fancy home failing pay lease time almost much guy shame whatsoever fact like lead stepfather poor schmuck get fired humiliated face disappointment family friend feel forced invent shiny new life vincent time thus one could feel tension mounting nobody life violent conclusion coming one thing nobody life time definitely lacked love interest apart protagonist trusting wife hard understand sexy babysitter able fascinate ensnare emile degree ignored danger natural curiosity allowed lay bare less carefully constructed con given reservation mentioned pretty good movie found entertaining long something touching similar element go might deeper intellectually spiritually satisfying strongly suggest time,1
possibly worst film within genre existence announced comedy simply tragically pathetic think anyone could achieved anything terrible irritating specifically requested toilet humour poorest would avoid even watching trailer went see announced like monty python bound love whoever wrote either biased seriously deranged still bewildered one honestly believe statement rarely leave cinema really take lot effort film effect one minute,0
haunting film boast really creepy house good effect work sound work cast seems believe everything around real house scene make jump sinister aspect went hill house past found interesting genuinely creepy moment film liked way ghost manifested sheet curtain house jerry goldsmith score gave right atmosphere sound design voice popping around wish could happened something little intense jan de bont pg rating contend think held back little much poltergeist scared silly saw many year ago still hold haunting could used scene pure terror ending little anticlimactic overall enjoyed acting good moment make jump wish scared,1
well made documentary focusing two sudanese refugee get resettled united state basic fish water story non fiction twist found fascinating see peter santino lived prior coming america adapted arrived houston texas expected sort heaven found lot harder look cope well state go hopeful idealist somewhat realistic skeptic everywhere go meet bureaucrat paper trail citizen may take granted fret blacker african american feel accepted one lost boy manages leave houston go olathe kansa find condition slightly better still less ideal people try help well try hurt film shown talked put gun head robbed leading one lost boy comment negatively black people america good found interesting arrived houston august month world trade center attacked terrorist hoped see reaction tragedy mentioned still really well done documentary narration none needed really lost boy fine job expounding event going around without help thank much,1
tom listening one old time radio broadcast something kid today would watch tv however television cartoon made people got entertainment comedy music scary story radio br br tom literally shaking boot listening story phantom actually literally everything narrator saying hair standing end icy chill race spine heart beat throat etc jerry meanwhile watching tom laughing butt scaredy cat antic br br get taste see many year cartoon jerry torture tom reason sadistic pleasure cat asks trouble one thing minding business jerry physically case mentally abusing hard time rooting little guy br br early effort also minute longer followed sometimes one minute make difference actually dragged awhile could cut five minute without missing anything sketch went long usual tom jerry usually much faster paced,0
full length feature film world bridge found first minute bit slow movie absolutely perfect describing professional bridge player go earning living br br scene funny think non bridge player would get charm movie br br dress really beautiful pity movie black white imagine would look like colour way medium portrayed absolutely hilarious way earth bridge ever like br br watch soon tell friend,1
became cult movie chinese college student though havnt watched broadcasted channel uk br br full arty giddy pretentions plot mediocre unreal spirit want convey independent artist resist commercisliation music industry maintain purity artistic soul wouldnt sell dirty money really giddy superficial diologue mainly pathetic acting poor sceenplay full art pretention fantasy movie kid br br,0
docteur petiot starring michel serrault brutal story brutal man doctor heals sick occupied france even ability compensate yet prey weakest amidst populace imagery cinematography superb lend additional macabre feeling complex story perfect psychopath seductive altruistic intelligent caring calculating murderous movie certain forgotten soon viewer kudos mr serrault chilling portrayal,1
frank sinatra first three film purely speciality act ostensibly playing merely show croon song nightclub sequence somebody else movie fourth film enjoyable higher higher young blue eye transition acting career playing actual role task made easier playing fictional story give chance croon number br br sinatra entrance quite funny michele morgan hears knock door asks outside hoboken toned voice answer frank sinatra sure enough br br opening credit higher higher may confuse viewer name songwriter rodgers hart prominently displayed fact contributed one song musical disgustingly rich cast manage toss sort intro entirely different song debutante interestingly rodgers hart song one weakest perhaps least enjoyable song movie score several others lively tempo number notably important affair come love saw first br br sinatra good movie would better work sing better material elsewhere real merit higher higher delightful turn performer rarely made film paul grace hartman extremely popular husband wife dance team starred several broadway revue genuinely graceful ballroom dancer put plenty physical comedy dance material grace high kick knock shoe paul hand grace hartman died cancer age almost film work real pleasure film give u rare chance see close hear beautiful singing voice notice sexy look maid uniform grace hartman death husband long career character actor occasionally dancing solo alongside ken berry one memorable episode mayberry rfd br br also quite attractive maid uniform higher higher vivacious teenage singer marcy mcguire talented girl make movie perhaps bit similar personality betty hutton enjoy hutton performance like marcy mcguire even better near end higher higher amusing bit physical business featuring mcguire mary wickes waitress taking turn move table table nightclub alternating stride short mcguire tall gawky wickes hilarious regrettably although leon errol play large role higher higher given almost comedy business famous rubber legged dance jack haley despite prominent billing also wasted br br well represented dooley wilson inevitably remembered sam casablanca film wilson singing faked keyboard performance time go real life wilson play piano higher higher sings pleasingly give amusing reaction player less enjoyable mel odious mean mel torme victor borge give rare film performance handling dialogue deftly never keyboard comedy later successfully stage show br br plot forget higher higher nobody idea great musical enjoyable delight rate director tim whelan worked britain well hollywood deserves much better known,1
waterdance main character waterdance played eric stoltz find rehab center others similarly injured must face harsh new life confined wheelchair interesting promising premise unfortunately fails deploy ensues instead largely hollywood schmaltz interesting moment certainly cast eric stoltz william forsythe wesley snipe et al brilliant perform well one would expect talent wasted character mainly stereotype one kind another thoroughly unlikeable snipe character exception suppose kind attempt break people idea handicapped crippled weak depicting part face prick make entirely annoying experience admittedly show something permanent disability go way softened romanticized useful good idea process depicted make one difficult person get along worth dealing part parcel character must varying degree despicable disneyfied either surely middle ground somewhere film conclusion eric stoltz character come accept status handicapped person since flaming narcissistic monster beginning film end care less br br addition character problem film suffers weird syndrome many hollywood movie suffer syndrome really official name might call inexplicable forgiveness syndrome go something like character abuse crap without much apology forgiven especially obnoxious example movie breakfast club one character spends film verbally bullying everybody within earshot result love one latest example spiderman supervillain sandman lay waste chunk manhattan wail spiderman seems like monotonous minute waved amount bye egregious example ifs waterdance sequence called n word william forsythe racist biker character friend previous scene wesley snipe character whoop forsythe character next scene nothing happened short time hence without much oh yeah sorry business back know called n word make wonder people actually watch movie release film eye closed kind slap together editing room according scene number call day work,0
james franco totally cool movie handsome charismatic genuinely open vulnerable sincere kind way tristan screening folk back pouty sullen whole james dean thing think true blind spot proof positive tremendous talent film carry different sort weight entirely unique performance bittersweet really moving line journal cut like knife sense sharp intelligence observation behind word tone everything carry action suspense well grim bit gallows humor like two actor great deal blonde girl totally gorgeous man hysterical twisted tough guy stoicism thug seemed little sketchy mini point really film totally solid franco way cool around,1
movie football jesus god kind sappy sanctimonious religious drivel get arch idiot wrestle jesus pump iron jesus yeah jesus totally buffed liked contact sport definitely owned full set dumb bell duhhh movie entitled hiking jesus something along line let general public know real intent movie convert people christianity pander whose brain already thoroughly washed blood lamb title derived bible made clear head coach reading bible asking jesus help recent sport movie invincible time inspiring jesus even factor desire determination individual dream br br broad appeal inspirational sport movie ultimately lost amidst blatant bible thumping sanctimonious religious propaganda one get impression sole message way succeed make positive gain accept jesus personal savior simply true therefore lie perpetuated believe true want everyone else believe image winning athlete thanking jesus win come directly mind loses curse jesus course loses jesus responsible jesus responsible win logic go round round round end exactly true believer need every time hit pause scene coach receiving brand new truck came could stop rolling floor laughing as catch breath materialism jesus taught find odd called christian seem either forget ignore message savior especially see jesus fish back huge gas guzzling suv pass like standing still br br another message movie implies jesus apparently care win loss record mediocre high school football team million starving child world final scene insecure unsure kicker boot yard field goal hyped unbelievably incredible miracle put final gag spoon religious red flag turkey gave three star guy played black coach could actually act,0
man named jerry come possession ancient aztec doll however creepy little figure possessed evil spirit take jerry body push spill blood seen two horror movie dorm dripped blood kindred made stephen carpenter jeffrey obrow must say power disappoint either plot slow moving effective human goo effect little bit gore scene female tabloid reporter attacked arm come ripping mattress hoot liked low budget horror movie horror genre,1
pick one well needed brainer summer heat cover looked cool br br course known better really really bad movie get embarasing maker know bad try cover adding sexy beautiful woman sex scene well folk nt cut br br would like cool movie big reptile actually good well played funny go rent lake placid order,0
really enjoy movie first time turner classic movie actor well brynner steal show like always sexy one movie see brynner emotion actually movie first ever seen laugh play strong larger life serious role movie movie see masculine tough sensitive side brynner brynner seems lady man movie amazing brynner eats glass cup speaks russian tongue drive crazy love understand brynner kerr good chemistry star movie together brynner always die end kind reminds king way,1
saw australian film year ago never forgotten movie show horror war way hollywood usually gloss relationship soldier two warring country highlighted difference culture ultimate knowledge end really different inside find type copy buy rent disappointed awed,1
shot vancouver mountain low country south carolina visible background heaven sake reset location coastal mountain south carolina period br br lame visuals beautiful story limped along br br really understand hit book although admit one read yet usually read book give film miss nothing movie made want buy book even borrow library br br verdict mermaid chair seemed pretty shallow moi,0
beware lovely originated play written mel dinelli apparently liked writing frightened woman first best effort screenplay spiral staircase also loretta young suspense thriller cause alarm couple year earlier play dinelli wrote originally entitled man ran performance broadway season dinelli effort broadway starred dorothy gish richard boone br br role gish boone played taken ida lupino robert ryan whatever reason rko thought eliminate age difference dinelli rewrote play screen wondering thought certainly frailty issue eliminated completely story br br thing eliminated people wearing period clothing around world war yet reference time story take place thought strange later telephone company repairman come ida lupino residence noticed truck vintage one era br br film almost entirely set within ida lupino home hired itinerant stranger robert ryan handyman film great object lesson hiring stranger without reference turn ryan schizophrenic imprisons lupino home day br br lead fine job even change made film like beware lovely stuff small studio like rko best done mgm paramount glossy trapping would overwhelmed solid story,1
film first british teen movie actually address reality violent rock roll society rather lucid parody teenage life attempt celebrate work liverpool junior liaison officer opening title point potential delinquent dealt scheme committed second crime however becomes merely pretext following teen drama film epilogue instructed feel responsible sorry delinquent however mixed might seem br br stanley baker play tough detective reluctantly take post juvenile liaison officer hard boiled character role typical baker currently trail notorious arsonist known firefly relish distraction transfer however good police drama led back full circle remarkable turn event back original investigation br br first case lead home two young child mary patrick murphy played real life brother sister duo committed petty theft meet cathie satisfyingly portrayed anne heywood older sister eventually becomes romantically involved quickly becomes obvious squalid environment inner city estate breeding ground juvenile delinquency br br elder brother murphy family johnny leader gang rock roll hoodlum mccallum eye catching turn americanized mixed kid owes like marlon brando previous british star one reminded brando character johnny wild one led leather clad gang rebellious bikers much way film johnny lead gang br br thankfully preachiness earlier dearden crime drama blue lamp apparent instead presented several well drawn character side law drama delinquent romantic interest heywood baker take forefront br br plot whilst time predictable deliver memorable scene disruptive influence rock roll music thought played scene johnny abandon music leading menacing advance police sergeant grippingly memorable piece film however climatic classroom scene bunch terrified school child including mary patrick held hostage gunpoint johnny obviously light real life dumblaine massacre scene seems horrifying understandably film seldom aired available modern audience,1
although girl thankfully sense humor realize really funny anime watching give overwhelming feeling definitely guy show take away fact hilarious,1
first movie seems bad almost fell trance first time saw like bad dream cosmic bore gave second chance another another etc finally got addicted film due dreamlike slow pace wonderful natural set bathed mellow autumn light especially musical score made progressive rock absolute exquisite folk song actor singer songwriter derek lamb troubadour notice song hazel wood silver trout lady vanishing air heard middle near end film carnal scene beginning wich allow u appreciate natural charm elizabeth suzuki movie made repertoire director like bergman lars von trier jean luc goddard critic would rolled floor raving movie cosmic masterpiece personally think film one million time superior fellini cinematic sh ¤ definitely pretentious,1
agree many others said shallow offensive nature film examination racism baffling many people seem fooled pretentiousness want comment matt dillon character example infuriating movie man contrasted film underlying message little racist effectively rape woman public cruelly humiliating husband deliberately goading make move well know lead arrest even death pulling couple without legal cause come understand black wealthy hurt little boy police therefore pleases behavior little racist behavior evil disturbing extreme racism held next another character behavior spouting paranoid stereotype gang violence illustrate everybody little racist later spoon fed tripe dillon poor old dad black folk drove poor house supposed explain worse excuse behavior dillon character meant redeem committing utterly unmotivated unbelievable laughably coincidental act saving woman sexually assaulted night please fact many people seem feel kind self congratulatory admiration film make feel sad shallowness understanding racism apparent lack commitment condemning ending,0
okay big video game buff game house dead really famous enough make movie sure went far actually put quick video game clip throughout movie though justifying particular scene violence dozen dozen game look exactly hand bottom screen supposedly holding whatever weapon goo ing kind alien walking dead sniper whatever case may br br interesting premise house dead lot college kid loaded college kid kid able pay fisherman something like ride miss boat trying get island supposed rave year first thing come mind house dead watching become increasingly clear modern horror movie become nothing exercise coming creative way get lot scantily clad teenager exactly situation least case fact way rave excuse way girl dressed look badly place running around wood cute little halter top least thought dressed occasion br br clint howard tellingly interesting character film far delivers absolutely awful performance greatness overshadows every actor movie stand well known actor change accent movie rarely effective howard show equally flat well known actor pretend hardened fisherman raspy voice year breathing salty air even rasp well sounded like eating cinnamon roll shooting accidentally inhaled powdered sugar something real tough clint expected agree part mess br br get island movie temporarily turn one friday th movie took place camp crystal lake lot teenager played actor way old part getting naked killed nudity impressive guess let consider something minute kid pay almost two grand get island go rave year find one say well want beer even guy pulled stack hundred wallet get think anything found full bar single solitary person sight input director uwe boll alcohol notice party came consists one br br start drinking minding fact whole party seems vacated island one girl go dark wood find everyone dragging one girl one guy reluctantly along guy girl stay behind get smashed decide would great idea strip quickie alone like expected find island empty rest people came gone little would privacy since one else around brilliant br br thing everyone hated judging review read movie yes intersplicing shot video game movie mostly order show yes movie faithful directly copying video game sure stupid idea imagine thought little nugget worse matrix style bullet time scene thrown first time point found pretentious cheesy movie like shot like though something original noticeable technique shot rather dramatic meaning creation kind tension film br br one thing make zombie film scary get edge seat slowly relentlessly coming living human much faster getting tired running place run terrifying shortage thing fight zombie first two done right movie kid terrified lot place run since island since caught ride smuggler find heavily armed mean strongly mean people everything machine gun hand grenade remove tension impending walking dead br br call techno slasher scene since rave never happened guess since uwe boll thought people going disappointed hearing techno music movie one scene right middle human fighting living dead amazingly enough turn something music video techno music blasting shot edited together faster faster nothing blur gory shot mostly frame long second flashing across screen time speed techno music clever guess place horror movie completely remove sense scariness tension even gross effect see one thing long enough react watching shot fly across screen wondering hell director thinking decided would good idea put something like movie br br seen lot people compare movie resident evil mostly claiming copy premise exactly right appreciate least case resident evil man made virus turned people walking dead able infect people changing way vampire turn others vampire day later also clearly inspiration movie bad house dead single original thing except somewhat moronic idea putting quick shot video game based case forget really think much better movie obviously say know much game based title movie poster deserve much better movie unfortunately think often case horror movie really kind sad movie come obviously advertised hold barred horror film scariest thing entire movie closing shot suggests possibility sequel,0
hard believe directed fritz lang since mostly directed crime drama mystery movie cast includes robert young randolph scott dean jagger john carradine scott play outlaw try go straight leave old gang wind saving jagger life jagger work western union telegraph company plan telegraph west jagger hire lot men make sure done worry indian attack bandit scott charge men young telegraph expert shoot gun ride scott meet old gang want stop scott tell anyone pretty good western lang directed western,1
enjoyable fast paced br br way earth actor playing mat could eighteen however main thing act eighteen convincingly must credit audition convinced cast quite soon accepted naive young country boy br br best performance others also engaging particular interplay policeman natural well balanced worked well br br minute long plot complex key style whole thing slick vibrant backdrop atmospheric especially fact colour extremely rich gangland identifiable foreign audience still manages distinctly australian,0
say think write spoiler alert reveal used f word lot movie like every two sentence like movie much hint sexual perversion sidestep cheating swearing totally window gave movie two point mira sorvino sexy movement dance floor,0
caligula share many attribute fellini satyricon bizarre sight freakishness depiction sexual excess set glory ancient rome fellini first entertaining far much screen time devoted bug eyed rubber faced mcdowell titular role performance far fey campy convincing portrayal jay robinson robe david cain haughton emperor caligula far persuasive believable latter nuanced relief could judiciously provided developing surrounding character fully little cypher one example role macro played guido mannari tremendous screen presence important role mostly left background positive feature credit adroit use prokofiev stravinsky theme music score inclusion distasteful nevertheless accurate action despot two factor far less needed relieve prevailing tedium however,0
may sentimentalist found movie truly moving first movie reduced tear recommend anyone gay str religious supporting co star jackie bisset stole show especially one liner nude scene superbly crafted well good taste shocking portrayal orientation reversal deprogramming instituted mormon church lead character shocked still go world nevertheless enjoyed movie tremendously definitely best gay film since torch song trilogy much better gay movie offering year fluffer,1
whilst loved haunted house movie amityville poltergeist made tv adaption susan hill book pack huge punch horror hollywood br br brilliant cast many star heartbeat tv drama great acting fantastic setting portrays life convincingly right ingredient entice viewer powerful ghost story br br herbert wise need blood violence gore send chill spine audience using imagination woman black figure fear dread whose presence never absent first appears br br main character arthur kidd solicitor learns unseen spectre mission settle estate widow dy arthur spends night inside dreary home notice many oddity may haunt day scene unsettling claustrophobic particularly locked room open turn generator close arthur darkness film becomes harrowing put arthur shoe effort shake ghost writer put many chilling addition story example tin soldier appearance one eager learn meaning fact never really learn much widow leaf imagination make unsettling br br widow part look vicious intimidating scene winding generator sent chill woman appears nowhere isolated marshy land howling wind  property appreciate isolating scene inn perhaps horrible thing seen one wish watch hurry show elderly relative often woken night thinking behind sleep br br woman black great tv movie lost gem agree extent internet hype film totally overblown see people disappointed spending best £ think net defeated hidden gem make film like exposed think still brilliant fantastically acted consider greatest ghost story last century,1
one favorite movie great cast lead jonathan silverman blythe danner serious drama situation brilliant comedic punch exact mixture character story real people real problem everyone different relationship family member sensitively move slightly sad hilariously funny read quote best adaptation neil simon play br br wanna see eugene check biloxi blue starring matthew broderick played stage version ok bit darker side get away made tv broadway bound,1
korine established talented impressive image maker promotional poster mister lonely include film impressive composition though one particular yet see promo material blue clad nun teasing dog stick surrounded green forest torrential rain pouring opening image film michael jackson lookalike diego luna riding small motorbike round track strangely compelling beautiful roy orbison mister lonely play soundtrack image unfold slow motion also funny terrific sequence character mime dance without music though radio sits like silent dog next middle paris street korine splice sound effect jump cut evoke feeling futility dogged liberation character dance routine br br first instance segment dealing nun also strangely poignant father umbrillo werner herzog autocratic priest fly nun drop food impoverished area nearby scene light hearted affecting herzog must deal stubbornly enthusiastic local wish make plane trip order see wife san francisco exchange develops herzog draw man confession sinned frequent infidelity cause wife left first place scene short sweet gain particular weight one learns improvised origin sinner played non actor set korine co filming adulterous way given real life lasting overwhelming guilt br br henceforth film hit miss succession intrinsically interesting moment add frivolous muddled narrative whereas gummo julien donkey boy maintain aesthetic emotional weight via coherent structural framework mister lonely feel like victim editing room ruthlessness scene cut film would otherwise painted fuller picture certain character due continuity error costume result doubt due absence shooting script korine tendency improvisation one deleted scene particular charlie chaplin denis lavant madonna melita morgan sex would added much emotional conflict scene later film spoil deflate feeling warmth celebration half succeeds br br two strand narrative unconnected literally best approached two entirely different story allegorical meaning one compliment vice versa something conflict one ambition reality current situation enough herzog scene merit place film connection two allegorically connected thread inevitably strained inclusion retrospect tedious br br ambitious step forward julien donkey boy suffers mostly least lookalike segment far many character film running length flaw would even worse big star name played everyone originally planned br br many imagery self contained beauty moment real genuine connection soundtrack feel like much suited art installation photo exhibition exploration mimesis nature impersonation lose none power indeed would perhaps impressive loneliness attached iconic performativity encountered icon aspire like well captured image wherein marilyn monroe gorgeous samantha morton seduces camera seven year itch pose middle forest sammy davis jr jason pennycooke settle post dance rehearsal back camera overlooking incredible tranquil lake br br moment like title randomly chosen michael jackson song crawl across scene married one another film narrative far less affecting br br see lost faith egg singing scene late know scene mean stick like sore thumb sort gimmicky attempt new cinematic language korine previously hailed,0
production insult stooge especially moe inaccurate poorly acted many event depicted happen way much left skipped read book written moe daughter joan instead waste time,0
attack force horrendous title almost certainly judged awful cover film horrible mish mash plot line choppy mess horribly stagnated pace make film hard watch start finish managed proud fan seagal work mostly old day painful see star tripe true seagal last half dozen movie sucked lot least redeeming feature attack force mess conception delivery film undergone many change alien plot line current one highly addictive super drug unleashed romanian film several setting none romanian look like romania romania populace film tacked together little regard whatever state original shooting script plot hole loose end abound film sure problem seagal last film well never result boring whole plot line water supply poisoned ctx drug cool name never resolved br br course recent year plot main draw seagal canon big onus department especially action regard action though department poor direction poor perhaps better put made look poor know director michael keusch originally intended film finishing job shoot stunt man tom delmar editing coherent auteur vision completely lost best way describe film shop cinematography dull nearly inducing sleep droning score sounding like produced cheapest cheap synthesizer nothing excite matter cast poor unable salvage anything seagal look bored beyond recognition dubbed much picture clearly plot point changed look tired overweight lethargic unlike looked previous picture remarkable aforementioned key complaint seagal recent picture redeemable cast member adam croasdell one villain slimy brit routine seems throwback alien plot line playing inhuman seems like cross body snatcher vampire ditto lead villain played hot chick appears occasion seemingly waiting husband dracula br br finally action well poor poorly conceived poorly shot much either even less featuring seagal stevo really bring stunt double little even lengthy repetitive boring action scene hour mark inter cut occasionally little flash seagal stand clearly seagal scene shot wanted feature action scene seagal eventually appears person shoot two guy head seagal producer credit script credit understand film altered behind back current state seagal apparently working people castel studio continue deliver horrifically sub nu image saying something material br br overall one avoid seagal fan seagal fan also safe knowledge big man probably want anything bad unfortunately next film already shot people promise even worse,0
italy produced lot really great original horror film certainly one first thing notice danse macabre style film shot beautiful black white due director antonio margheriti use lighting film almost look like could german expressionistic horror film coupled horror filled plot line ensures danse macabre film truly capture essence horror course fact beautiful barbara steele appears film harm matter good news continues film get flex acting muscle film made famous plot aware time released incorporates great edgar allen poe follow alan foster writer accepts bet poe lord blackwood spend entire night latter creepy old castle everyone spent night previously died hero meet previous wager taker br br nowadays horror film tend focus much shot result much beauty left genre refreshing therefore see film many shot incredibly beautiful female side couple wearing see skirt personal favourite shot smoke creeping door first antonio margheriti film even seeing one obvious one italy premier director also interesting fact screenplay co written another italian great django creator sergio corbucci plot meander little much time always enough atmosphere hand make sure film never becomes boring fact always intriguing even plot slows ensures thing way danse macabre utilises haunted house theme well done original help keep story eerie possible whole fan italian cult cinema want miss little gem,1
hulk hit theater long dvd old incredible hulk tv show popped attempt cash craze saw similar occurrence year prior spider man cartoon appeared dvd coincide hero big screen debut company leap opportunity ride financial coattail hot brand br br fact picture never surfaced shelf wal mart featured hero clobbered box office summer say lot guess everyone involved would rather forget fair fantastic four bad everyone say let rephrase unentertaining negative review might suggest br br veteran television actor alex hyde white remember role lead way reed richards brilliant scientist along crew gain bizarre power outer space mishap left ability stretch contort body outrageous length future wife sue storm rebecca staab suddenly turn invisible brother johnny jay underwood may ignite poor ben grimm michael bailey smith lovable lug whose body morphs mass craggy orange rock br br friend becoming accustomed called upon rescue world certain chaos seems reed old colleague victor von doom joseph culp living name villainous jeweler ian trigger exactly helping old lady cross street either hero save day course like superhero movie question br br striking fantastic four amateurish virtually every aspect dialog lame tired sound like written junior high drama class acting unpolished make third rate afternoon soap opera look like shakespeare special effect surprisingly good considering minuscule budget still positively embarrassing moment human torch fully ignites body instance entire movie briefly turn cartoon hear production meeting oh one notice intrigued action mean really cartoon least give mannequin fire held string prior scene foursome come earth spaceship crash pure teen backyard fare crew simply found field lit vaguely spaceship like object fire remnant major disaster br br course whole lot work script fairly coherent story simplified reed ben decide go outer space simply drop storm house ask care join really easy sort thing require oh know year training expertise world writer seemed inspired underrated genius display full house rerun bad may nothing compare painfully clichéd dr doom pulled right awful superhero cartoon right evil laugh slamming clenched fist table punctuate remark comic book least fantastic four ever featured villain obscenely one dimensional br br ultimately fantastic four saved complete turkey damn innocent tell people involved little talent experience really tried know final result would embarrassing impression big break people would flock theater bear repeating virtually money work sure half eaten cool thing costume thing considered well many flaw finished product fair amount fun comic book fan,0
man navy comment indicated rare well filmed look navy lighter air lta activity lta crew justly proud convoy shadowed never lost ship submarine attack filming various na location give valuable glimpse type aviation long gone however first half movie beery relationship service pal meeting tom drake character mother getting drake leg fixed second film start second film mostly ltas action taking surfaced sub guy get killed much damage caused look fairly gritty realistic imagine shift southeast asia navy ltas never mind part really wild blimp used extract downed aircrew jungle jap shooting like mad shade vietnam except getaway oh leisurely blimp talking end feel good wwii drama unusual part war,1
like watching right like oh totally awesome full like ya quite good indeed really enjoyed amazing danger british people think doctor good doctor way wonderful doctor thing strange man like maybe like guy he new doctor like old doctor thats guy watched like oh awesome liked watched enjoyed great evil enemy great conquering evil guy happy doctor quite scary happy looking,1
movie called plan joseph smith think weirdness underappreciated playwright seems read paul ehrlich population bomb crafted musical response made especially mormon whole point play many child part heavenly father god plan anything stand way baby bad get br br version filmed confusing utah look feel like play actually written course theology part part battlestar galactica action take place earth pre existence aimless romper room annoying kid wait get body come try slam door missionary losing shot celestial glory br br stagey come let poor theatrics spoil appreciation demented mormon universe cool kid population control presumably counseling parent child big family time play written cultural norm lds community importantly considered part god plan church since done made family planning choice parent large family much less cultural norm making entire doctrinal premise movie modern day mormon moot br br ahhh really good music catchy tune let movie die death pre destined brother sister sing love song make wonder maybe something else going wink tough cool kid make new kid block look like metallica cheer gather family around make jell shooter enjoy show br br,0
easily disappointing least gratifying movie entire called blacksploitation genre way film generally enjoy great deal home rather exploitation demeaning film actually provide priceless insight era well bucktown br br story duke return bucktown operate night club left recently deceased brother quickly learns city entirely controlled corrupt police force bleeding protection money local business duke resists determines rescue city corrupt police unfortunately calling posse friend people vaguely explained former black militant worked duke job past simply murder entire police department cold blood literally presence hundred witness nothing stop ignorance justification murder would much entertaining see cracker police suffer action opposed merely getting whacked street revenge ubiquitous generally satisfying theme film genre far cry seeing pam grier track thug ed family cuss give jujitsu as kickin set fro fire art reason existing merit level respect quite undeserved simply shooting someone back course bizarre tale playing woman completely man thumb afraid cracker run town oppress people indeed advice duke run man gonna kill br br following sickening gratuitous violence expected believe town mayor wholeheartedly condones action duke friend congratulating offering throw parade honor opposed say calling district attorney press capital murder charge taken custody duke posse decline parade instead opts fill numerous vacancy police force created recent killing spree immediately prove even corrupt cracker police predecessor quote mayor ten time worse duke find must rescue citizen bucktown corrupt protection racket law enforcement official make safe decent folk operate prostitution business street unfortunately duke already lost moral high ground sympathy due hero willing participant murder original police force cared one way rescued bucktown gotten plugged point suppose entertained clever way duke outsmart new police goon reality film become opera gratuitous violence duke murder former friend ally cold blood absence compassion gunning cracker police duke pig br br finally everyone town duke aretha employee local brothel dead bleedin street hero heroine walk night though admirable quality redeeming value duke merely murderous thug aretha enabling misogynist accomplice interested genre film mean highly recommend see coffy foxy brown truck turner blacula sheba baby process run across dvd throw far away possibly drop like hot treated one would treat glowing puddle nuclear waste single film entire blacksploitation era dramatically entertaining satisfying populated sympathetic admirable character piece slime obviously written targeted hormonally imbalanced high school sophomore,0
seeing movie first time turner classic list dangerous female multiply appreciation bogart astor version ricardo cortez must getting paid smirk hope remembered dentist brylcreem salesman made actor woman good better well una merkel little better interesting original joel cairo mr gutman competently deliver many individual tic almost nothing set changing atmospherics successor role peter lorre sydney greenstreet humphrey bogart mary astor somehow transcended essential seediness character remake sam spade ruth wonderley br br movie exactly stink lie like big slice ham chief value today reminder great movie like falcon happen scale rate mainly camera work supporting player,0
seen previous movie cédric klapisch therefore expected quality movie psychological depth erasmus student visited several friend studying abroad know well mean spend time abroad mix different culture time yes great fun thought miss movie unfortunately disappointed find l auberge espagnol fails satisfy many way character stereotyped event trite story shallow although quite familiar situation irritatingly cliché go beyond trivial event made movie uninteresting watch gave strong done anything add feeling apart movie lack firm story sometimes look like documentary real life show seriously made movie br br however imagine studied travelled abroad might fun watch,0
wife thought film watered made tv bbc version manhattan murder mystery good great story little inter character tension chemistry much plot woody allen character sort wanders around running mouth hugh jackman scarlett johannsson lot pretty disappointing must say ian mcshane role expanded cameo appearance br br first thing occurred wonder much bbc pay woody allen dislodge manhatttan must needed money must needed appeal expand audience beyond youth market drawn two star giving movie star instead unbothersome background noise ever want something knitting sorting stamp collection job pay rent,0
many level good fact considering low budget british indie first time feature director largely neophyte cast magnificent achievement know much cost figure £ bandied publicity never know reliable figure like point film look like cost couple million quid clearly cost tiny fraction great special effect terrific production design effective prop costume excellent photography good acting direction impressive score absolutely stunning sound mix even said much script great character clearly identified something movie ten men dressed roughly one location would easy nameless faceless blank ten character mostly done dialogue way reacted thing throughout middle act plot developing script told story well showed affected character whole film like second act would stunning br br ship blow twelve people make individual escape pod e pod blast away ship much automatic metal coffin poor sod inside trapped cramped real idea going make sense like e pod excellent idea done well make sense nice roomy escape capsule also like way specifically told later designed ship ship escape make planetfall emergency let face guy bloody lucky ship blown close planet said look like unused e pod still freighter wonder prisoner able get e pod get occurred captain gone ship rather first guy anyway e pod land barren planet nothing sand sparse vegetation least sandy sparsely vegetated part planet may icy waste lush jungle elsewhere nah planet sci fi movie exactly accept e pod come within mile ten survivor able meet firing flare sky locate br br captain muscular mountain man could pretty good career action flick get right agent decides try contact captain behan intending rendezvous cannot planet need get orbit engineer say combine power unit two e pod probably give one enough juice lift anti grav doodad high enough blast atmosphere done automatic need pilot send signal captain valiantly volunteer commendably sensible move engineer point putting heaviest man somewhat dodgily repaired e pod ridiculous need lightest member team kid really liked way point name david captain start using treating dignity respect good storytelling good characterisation,1
think time seagal go quietly night seen make direct video release last year look like early smash hit comparison br br secret bio lab making new kind drug jack human adrenaline system point become psychopathic killer something somehow seagal supposed stop infection end world something seagal also went hit squad like jellybeans every time look commanding new face kinda got hard follow character development well know steven athsma prevent yelling top lung even constantly dubbed people sound nothing like usually film plot action sequence save total waste time even close like said horror movie lot blood shank stabbing rather straight fighting problem really scary seagal looked completely place infected people supposed speed light movement yet year old lb seagal killed singlehandedly guess lone highlight movie first minute new recruit ask seagal come strip club br br,0
found pace glacial original story blown way proportion content wife slept try wake felt missing anything br br holmes watson enter house potentially caught unclear could hide entry burglary tool quickly also unclear door study locked preventing servant getting br br thing puzzled right end glint eye broken statute clue supposed represent,0
trapped buried alive brings u resort opened soon close br br start guy gear blowing drift avoid possibility avalanche somehow make sense anyways blow away one particularly big one notice resort open despite best effort higher authority tell day br br soon everyone expects avalanche hit br br look gonna reveal say b movie designed family channel saw fact commercial prof b movie anyways pretty decent film partially unreal br br firsthand people buried ice snow buried traced powder cd screwdriver possible finally stress enough explosion cannot stop avalanche guaranteed br br furthermore worth rental tv viewing owning br br movie rated pg maybe received something little strong boy nearly loses foot elevator leg cut around ankle guy toasted electricity diesel weight room dead people laying around br br enjoy,1
reminds born believer going minister never actually thought would minister even graduate high school almost positive would raptured heaven would ever happen discovered christianity bunch rubbish atheist prof saved always saved doctorine christian tell u real elf true leave many year devout born believer yes really saved prayed silly sinner prayer heart br br christian read bible would discover god think like rape genocide abortion many atrocity alright according might surprised learn word rapture mentioned,0
thanks jymn magon creating disney best cartoon ever show improved much year kid like thought rip ducktales favorite disney thing time like grandmoffromero later though good great reading review decided give another chance bought dvd set watched whole pilot first day got pleasantly surprised still favorite episode although series live end disc knew going top tenner br br character complex charming favorite got wildcat absolutely hilarious sweet boot next favorite baloo best pilot show see ol jymn built show around kit cloudkicker baloo best relationship series louie jim cummings perfect job impersonating original voice rebecca made laugh pretty hard believe baloo eventually marry finally hero molly although least favorite still like think cute character much better webby ducktales villain original karnage air pirate always crack kahn ice cold ruthless thembrians always least amusing br br said story range hilarious time wait bear romance red chimp nothing short touching old man seaduck paradise lost fun funny exciting adventure search ancient blunder favorite bell klangs favorite episode anyway talespin disney best aside gummi bear reason gb decent amount favorite character cubbi t enough wildcat end talespin remains classic bottom line th best cartoon ever,1
planning watching wasted saw mtv preview since nothing better watch sunday night watched br br wasted requiem dream good movie considering made mtv one thing drew watching summer pheonix sister late wonderful river pheonix stared suppose talent run pheonix family good jaquien though niether river nick stahl also give great preformance junky jock much else say wasted dark depressing insightful look life three small town junky recomend like subject,1
watched love life holiday filmed film festival florida lovely surprise find british film derivative exploitive beautiful romantic comedy change charm pant audience prepared sit back enjoy gentle pace film transition scene found bit distracting whole think love life winner ruby dust one family pleasant change see british film teen audience littered four letter word try see,1
growing beast war transformer familiar original transformer seen awesome movie seen older cartoon based say like original cartoon live action movie beast war br br like bw character think character like optimus prime better optimus primal br br mean autobots transform roll sound lot better maximals maximize voice original optimus prime still make strong believer real commander optimus primal br br besides powermaster optimus prime lot powerful optimal optimus look web br br megatron bw character seemed like humorous version evil version original series br br besides cooler robot changing animal robot changing vehicle spaceship gimme original transformer day beast war,0
landscape battle open escaping prisoner snowy field full fence rather funny movement accompanied vivaldi four season touching opening soon enough learn know prisoner mob also treated humouristic burry man alive protagonist stop moment soon engaged finding book turndowned camp caring neighbour br br rest film set american camp prisoner released kind semi freedom semi camp perfect set study war criminality american camp polish nationalism catholisism grief human misery general br br film make important turn come woman film change light colour temper time turn prisoner slave holocaust think main underlying political theme film must mankind treatment jew world war nazi extermination mankind letting happen even forcing europe war emotional level film grief problem letting grief come environment make grief difficult difficult share grief people different experience br br film carpet underlying contradiction humour irony sudden beauty couple time film gypsy prisoner play harp emotional tune brutally rejected filmatically speaking protagonist example pick important essence film style theme come humour comic protagonist constantly loos find back glass crowd hay stack etc br br hard understand spielberg respect wajda see film great treatment light compared spielberg best grunwald intermezzo speaks narrativly brings film camp filmatically brings film dream eternity profound beauty anyhow also another scene let go without comment christian supper undoubtly ironical simultaneously deeply religious see transsubstantiation moment everybody falling knee protagonist saved isolation priest serve comic altar boy bell mocking scene also give emotion love nina get bread sun light fall upon bell ring spheric peak moment film br br main actor excellent role olbrychski perfect wajda protagonist doubting reflecting mind unable put aspect mind emotion life beautiful celinska great body acting debuting character unable express inner proud movement br br try describe everything often unable take nothing consideration wajda manages film either moving deep beautifully shot pay attention life society particularity moment joy one moment irony second moment grief third moment nothing fourth br br least two reason pay attention wajda film period first remarkable free expression deep political impact country first overthrow communism twenty year later second development filmatic narrative language kusturica rose grandeur,1
meltdown pretty interesting sci fi major budget special effect decent acting storyline global doom enough sustain viewing asteroid graz atmosphere thrust earth orbit closer sun global warming rapidly becomes unbearable determined lapd cop casper van dien go save world certain annihilation rising temp devastating pressure save mankind solar catastrophe well protect daughter nurse ex wife tv reporter girlfriend cast includes stefanie von pfetten venus terzo amanda crew vincent gale,0
believe slanted jingoistic material getting passed american art house material early telling line like want make sure playing right team manipulative framing lighting love divided show true face crass manner irish catholic shown hegemonic protestant peaceful downtrodden poor representation history early u western depict struggle cowboy american indian truth story distorted stereotype outright vilification irish catholic story corruption admitted filmmaker sad people today still think win moral sway making film easily recognized obvious intent far attempting art film business anywhere legitimate cinema library,0
love bad shark movie really laugh hysterically scifi channel marathon culminating premier new original picture hammerhead shark frenzy based preview looked like going highly amusing essentially remake benchley creature really prefaced showing shark attack megalodon shark movie hilarity best mood ready go bring hammerhead mad scientist man oh god movie wrong br br wrong wrong wrong br br sick twisted messed br br theoretical reproduction worst friend drugged girl brought suspended animation strapped table screaming head shark human hybrid fetus absolutely insane scientist deliberately implanted womb want jesus monkey call disturbing br br really plot work hmmm thought mad scientist son died cancer brought back life combining dna hammerhead shark shark succumb cancer hammerhead reproduce via placenta oh look perfect amphibious created next evolution human race know let make reproduce darned shark gene made son bloodthirsty instead raping hot babe keep sending little jungle paradise keep eating check among random people way unimportant plot twist ended research island woman son engaged died bet lead extremely touching heartfelt reunion woman going impregnate mad scientist indicates thrashing shark person tank sweet br br watch movie ever,0
sure show one familiar might think good almost close baywatch hawaii cast location style directing publicity  show woman walking around beach wonder people misconception decide watch br br wrong cause decide watch show actually thing going real juicy story conflict turn really exciting watch pretty much  addictive br br story hotel clerk manager owner complicated love life also enter troublesome hotel visitor powerful man trying steal hotel actually exciting sound br br deny acting suck bad look away story consistence good enough soundtrack fitting pretty well scenario action time took couple episode actually anything happen solidly patience br br recommendation really enjoy watching zillion time better expected br br rating grade b br br please rate review reading thanks,1
running man along total recall favorite schwarzenegger movie meant acting script even par arnie movie like predator terminator submit idea behind movie one coolest ever hit big screen state sponsored game show criminal convicted serious crime compete heroic stalker armed kind weapon runner equipped none order satisfy public lust sport blood ultimate prize winning runner freedom rule claim br br movie top gory death scene cheesy one liner really lot say someone else pointed commentary culture government presented movie go suffice say look beyond seemingly silly feel movie enjoy much especially big sf fan lot imagination like said trying serious art film surprisingly layered shoot em flick premise borrowed richard bachman aka stephen king short novel diverges fairly strongly source material especially towards end book end rather nihilistically needless say movie enjoyed like movie better br br favorite line guess caused steroid,1
attic start well somewhat dreary story helped greatly two main actor semblance character study going film go downhill fast carrie snodgress character buy monkey one cute little monkey buy real big chimpanzee br br sudden plot device basically kill movie conceivable woman like one snodgress play hard time anything domineering father blue buy chimpanzee mean come forget,0
sleepless night switching channel found embarrassment movie thinking br br life remote control kari wuhrer salin wonder gone nowhere br br david keith take role pathetic br br anyway turned movie near end get much plot must best part nerdy college kid brings home dominatrix ish girl scene straight comic book cheap porn movie call mother anal retentive kiss father oh expect tongue great line br br see ended br br well course bitch hell helluva past swat team upstairs yes surround yes yes kid blow brain ahahhahahaha br br must see tv br br,0
duchess pretty white cat life three kitten wealthy owner mansion paris evil butler hears rich old lady leaving everything cat first butler angered want get everything first put sleep abandon side road cat wake start long trek home street wise cat named thomas malley meet offer help edgar see arriving home furious start mail timbucktu thomas friend arrive help save day wealthy lady decides leave home every alley cat paris br br charming film song including everybody want cat lively upbeat voice cast excellent eva gabor would later play miss bianca disney rescuer film duchess phil harris baloo jungle book little john robin hood thomas giving interesting personality character supposedly walt disney died gave go ahead film recommended disney fan cat lover everywhere,1
sat watching episode kept glancing clock waiting something happen hour wound thought really going give u big pop end nothing whole family huddled around christmas tree like something hallmark channel fade black br br perhaps one poorest season finale ever seen nothing drum excitement next season thing thrown sort incentive watch next season ambiguous nugget offered agent harris pawing sub sandwich guy new york looking get one guy new jersey wow really would never expect something like mobster edge seat br br almost seems like trying get everyone lose interest start plot line end disappearing show ever seen tease hint rarely deliver br br arab hang bing keep throwing front u magically nothing happens br br paulie knee cap kid tony promised mother nothing would happen son poof gone wind br br many meandering drug montage christopher going endure please get arrested overdose something interesting br br one show used looked forward watching forgetta bout,0
oh lord thinking one frantically unfunny worse good original trashed bargain jane fonda believe actually turned performance life one even better play whore called performance life maybe flat good crook time wow waste time segal team beautifully even remotely got glimpse anything funny baby catch anvil upon got beaten pulp br br little one remains one horror nothing baby remotely funny except maybe couple moment dick jane bulging lipped leper cant kiss uhh oh lord well look like br br truly bad film,0
another good stooge short christine mcintyre lovely evil time one great actress stooge good especially shemp larry good one watch around autumn time,1
opinion several friend family member including finest entire gamut tarzan movie johnny weissmuller never played part well following issue series definitely rate collection film,1
love comic although problem fully understanding story  visual style unique dirt dust decay thought knew surprisingly understood main plot  extremely poorly decision made visual style br br mean really bad looking cg human actor close ups work horus egyption god successfully made cg close comic version br br think real actor movie could cult movie br br shame,0
like sci fi cartoon however robotboy appeared canada late watched premiere inevitably appalled character generic stereotypical really need make african american man wear tiger stripe print clothing speak jamacian accent asian character vibrant yellow squinting mother big thigh chest constantly complain point thing become unrealistic predictable gross sometimes disturbing heavy similarity even stab astro boy allow explain dub name young robotboy astro kamikaze tenma constantine shadow gu abercrombie tommy alejo lola zoran kennedy moshimo shay brief resemblance life teenage robot star war teenage mutant ninja turtle kamen rider sailor moon co afoot mention abundant racial gender stereotyping even get started innuendo say hidden quite dirty seriously even try watching especially like astro boy,0
caution several spoiler br br someday somewhere going post apocalyptic movie made stink unfortunately postman movie though give credit trying br br kevin costner play somebody credited postman actually postman wanderer mule wasteland western america devastated unspecified catastrophe trade isolated village performing shakespeare suddenly pack bandit called holnists self declared warlord west descend upon village costner visiting evil leader gen bethlehem patton draft costner much misery numerous effort break costner spirit escape thus ending lengthy section movie could told better three minute flashback br br finally get major premise escaped costner find abandoned mail truck delivers letter nearest town hoping get food pretense postman number village people led young ford larenz tate want get postman act sit well bethlehem bandit costner find unwitting unwilling leader band postman war holnists br br idea postman versus bad guy ridiculous sound holnists depend livelihood fact village prey isolated one another holnists destroy one village could stand victim united unite village must communicate one another working mail system would thus big step toward putting holnists business really make lot sense bethlehem would get medieval heroic mail carrier unfortunately bethlehem eventual defeat result village uniting instead old standby cliche one one brawl costner even real attempt community use mail work together solve problem mail seems standard hi aunt debbie stuff played maximum sentimental value br br postman one predictable movie shot shot ever seen purposely try ruin movie straining figure going happen next talking kind predictability requires effort knew going happen next whether wanted know lion prominently showcased eating people holnist bandit seeking escaped costner venture bush noise shocked lion eats bunch unoffending villager rounded shot firing squad one villager sings famous last word right shot immense lack surprise covered statue unveiled show exactly everyone knew going costner bending pick letter cutesy kid saw earlier movie man tell bethlehem sir take wife bethlehem run unsuspecting sod though person theater unsuspecting br br rank cloying sentimentality really undoes postman olivia williams playing costner lover abby worst served pours heart material give best effort make sound natural sincere try hard heart breaking nobody could ever made line gift postman give hope like candy pocket sound like anything syrupy pap another example scene mounted costner thunder past little boy ignoring proffered letter turn around stare seems like five minute thunder back pick letter costner pick first time real reason artifice try fails give u feeling elation dashing kid hope restoring br br schmaltz predictability unite end statue postman revealed sat thinking please tell going show statue cut back scene cutesy kid surely saccharine obvious even movie ala music swelled indeed cut back dreaded little boy smiling letter maiden aunt whisked away held head hand thought somebody shoot felt like thirty pound apple pie rammed throat br br gen bethlehem humanized villain normal standard issue post apocalyptic villain meanest toughest b valley bethlehem shown little nothing man inside try make feel important beating others although menace thereby sacrificed bethlehem credible way villain unfortunately patton overacts although told early bethlehem utterly destroyed last challenger five second hand hand combat bethlehem actual fighting skill shown end movie absolutely ludicrous br br acting otherwise pretty good costner done better razzie overreaction mentioned olivia williams impressive larenz tate ford sincere credible job james newton howard score competent though short epic standard movie going enough save film br br rating,0
right hospital scene holly shannon done brilliantly start piper gurney looking badly injured doc race resuscitation room move gurney onto bed prue hold hand point obvious piper lot trouble breathing lung failing turn beg prue leave side gap go love pulse drop go cardiac arrest monitor show clear flat line nurse go full trauma mode bring defibrillator prue step back bed horror doctor desperately try shock dying sister heart response tragically pronounced dead well great scene well done girl,1
pardon spelling probably funniest horror movie ever existed think evil dead acting horrible see makeup line certain lady face lesbian scene make sense ending haha ohhhh ending prepared stomach hurting laughter watch film minute still expecting something take look self ask hell wrong bad movie meant laugh enjoy pure silliness br br forget watch outtake movie see low budget whole thing really movie rare gem demonstrating pure udder lack talent care ability money anything else would ever need make successful film definitely worth watching,0
br br step aside hollywood veteran wayan brother asked thats hollyweird demanded thats got however like many recent decision one stupendous mistake br br director touch today audience attempting bring back physical pratfall gag place funny dialogue disaster knew audience knew cast knew br br shame ever consider changing director two wayan brother played two four primary character without farce sad one br br sp br br,0
certainly glad film made carl brashear amazing life story coming civil right era brashear became inspiration people minority group willing settle status expected br br brashear played cuba gooding jr lead example conduct life chosen similar jackie robinson integrated baseball made stick character conduct brashear gooding know want sharecropper life father carl lumbly lumbly make real clear get life gotten br br harry truman integrated armed service world war ii navy still restriction black man cook officer valet real fighting part denied good enough gooding applies become navy deep sea diver br br diving school bayonne new jersey gooding get thrown mostly master chief petty officer charge robert deniro deniro may leftover prejudice nevertheless hero one inspire one get passed racial divide br br best thing men honor chemistry deniro gooding certainly come different place get know turn men honor br br good performance note charlize theron deniro wife hal holbrook head diving school guy navy wish would retire reason see br br men honor inspiring story people courage spare ability change,1
voted excellent film took two snapshot americana one one every year afterward br br nothing really changed br br joe actually jerk big stupid slob mad everybody else world idiocy really spoiler key film big corporate never wrong guy making friend semi troglodyte joe get kind validation bigotry stupidity sense wronged br br yet would argue dealer boyfriend deserve die kid ripped joe compton joe compton actually getting hash young skin got ripped simple film many way except new york city par battle zone thanks nixon care money going war vietnam write long wait netflix film make happy think people want learn pretty good snapshot exact bit caricaturist actually pretty close back scary thing thing changed much sure welfare mean wage slavery br br amazing millionaire complain making enough money complain hour much pay people,1
easy movie try suspenseful wind merely uninteresting happens quite often dark harbor uninteresting poorly done scene scene tacked otherwise overdone premise troubled couple pick troubled stranger find trouble br br movie build tension building story dark harbor keep adding story never building upon hoping like movie suspense would finally explode never also character continuity scene scene may act one way one scene act completely different way another scene first think merely character end realize really character prop final twist final ten minute try shocking instead rather lame uninteresting thing shocking movie finally ended less ninety minute movie still feel way long br br one low budget gem like counterfeit watch break soon take home,0
rourke usual bit part sinister rancorous neanderthalian ferocious evil jerk mold picture claire fifty get carter double team rest garbage happens br br line br br course junk undervaluing rourke abasing matter characterization actor still seeing prayer johnny handsome barfly week year dragon etc etc many year considered rourke outstanding smart intelligent man think changed since br br look callous calcined br br went gloomy look despair inhabited breast made man perfect pest belloc example br br absolutely reason watch dull movie except rourke,0
rap book movie based one difficult book ever read yet could put raunchy crude foul lewd name also best characterization novel ever read br br well flick deplorable mean tim mcintire wasco wasco baddest mutha talking bout wasco mcintire wasco like casting tim conway charles manson br br happened main character book little arv even exist movie fast walking main dude book even name credit thing rap none spirit atmosphere nastiness drama book captured movie br br disappointment total waste time celluloid,0
see movie believe raf others giving really awful bio believe authorized shirley temple based book child star give feeling awfully easy please br br first ashley rose orr whatever modest talent way shape form even resembles shirley temple enough cast sort straightforward biography world famous child star give indication child revered except trying hardest shirley impersonation never click level none whatsoever br br major handicap whole piece bad enough drama inherent shirley story climb almost overnight stardom completely white washed insipid writing peppered occasional song dance moment even approximate shirley example codfish ball buddy ebsen probably high point shirley choreographed dance routine br br simply putting girl polka dot dress make shirley temple none shirley brand charm warmth appeal even remotely suggested see display pale imitation original proving one shirley temple br br worthless write anything mess none others ordinary lifeless role advice shirley fan read book better still watch movie br br pit,0
movie incredible would recommend anyone much better already anticipated definitely heart wrenching spectacular movie amazing story amazing actor creator definitely another great movie denzel washington surprise anyone derek luke wonderful job well,1
make brief joy watch may may effective character resembled real life counterpart aside minor observation found fantasy animal character enjoyable visuals stunning except second rate cg scene could left dislike computer generated animation anyways defeat purpose biopic one watch appreciate,1
first reading must understand neo nazi trying understand correctly hitler sure nobody like take power br br seen series found awful mean ok interesting look real searched answer found one absolutely first hitler angry life series show angry hitler even child second hitler never wanted abuse daughter fact highly probable hitler reality gay fought life choke secret third people hate true hitler charming think managed get power hateful ugly charming common point found interview people live near far course jew br br series awful think hitler angry bastard ugly course charming wrong think let people like take power country want really understand hitler managed get power stop thinking awful able find dangerous politician like course remember elected stop theme late br br life important protect series awful show u truth continue see hitler like another one take place exactly first,0
set near poor working class town mountain rural italy story madness landscape may quite picturesque madness herein concealed behind mask person seems outwardly normal person kill little child br br style tone film resembles dario argento famous italian giallos fascinating whodunit horror film except argento film much better looking still visuals fulci torture duckling competent interesting composition lighting lightning thunder rainy night enhances suspense one sequence wherein one duckling vulnerably alone br br one sequence gore bit overdone slasher film legitimate theme undergirds story theme madness take many unexpected form obvious delusion people practice voodoo black magic br br plenty red herring render puzzle solution difficult viewer assume agenda part director dismiss someone might seem suspect twist near end provides good misdirection however one scene midway line dialogue could added clarify relationship two character one murderer film finale take place beautiful mountaintop wind whistling background see flashback clue get insight killer mindset br br care film widescreen projection background music effective range jarringly creepy beginning low key jazz indigenous italian song acting generally average though couple case bit overdone br br though visually brilliant argento giallos torture duckling nevertheless fine film one contains thematic storyline enough whodunit puzzle interest viewer like thriller murder mystery,1
name frau main character german word woman know intentional sure got giggle german audience fantasy film festival last year shown br br giggle movie got aiming giggle horrible movie heaven sake horrible movie one meaning shame premise like wasted horrible even unbearable moment viewer definetely faint heart even necessary show thing shown even going moral obligation movie really kind task function discussion shown new low whole torture movement grown last year,0
bought movie sight unseen sci fi convention got deserved something silly simply put movie implausible boring unwatchable br br bored disgusted lack plot development turned watch repeat mythbusters understand low budget move least looked like low budget move excuse horrible acting terrible plot even worse camera work look like something group college student class getting drunk br br maybe villain laughable plot something actually could happen real life respect law enforcement might become bad funny movie funny bad,0
larry mcmurty masterpiece stand good western lonesome dove ever take role woodrow call great portrayal style also easy see looking use stepping stone v series version writer knew keep flavor alive william peterson awesome geeky c guy character play guy seems br br deserve enjoyed enjoy western br br star,1
mmmm previous summary say like alien predator enjoy film could disagree film pay respect weighty lineage reduced two best loved sci fi strand little teen horror slasher movie none tension foreboding present previous alien predator movie discernible lead character really care character positively yearned see stereotypical cast die soon possible vain hope something better would replace really take super human incompetence two fearsome creature ever invented positively fail make gripping thrilling movie watch want see,0
movie always broadway movie classic long still people sing dance act,1
ostensibly story young child jimmy stewart doris day kid get kidnapped keep parent quiet know something plot assassinate ambassador unnamed country performance albert hall london br br movie rich hitchcockian incident friendly opaque frenchman seems grill innocent stewart doctor indiana little intensely merely idly curious later frenchman show arab disguise knife back whisper information murder plot stewart stewart tell wife doris day looking saucy indeed refuse cooperate police risk son life br br instead couple try track assassin buy get son back taking morocco hitchcock given u usual tourist eye view custom location food london hilarious wild goose chase involving set stewart staff taxidermy shop staff concerned guarding half stuffed specimen anything else shuffle around protectively holding carcass leopard swordfish course scuffle stewart manages save throat cut swordfish bill bitten hand stuffed tiger action boosted along bernard hermann bumptious score scene end stewart rushing door hitchcock end shot lion head gaping slammed door also running gag well done visitor waiting around couple hotel room london waiting thing explained br br two serious issue lightly touched one relationship stewart day rosy ought considered bourgeois ideal stage musical star year internationally known given marry ordinary guy happens doc understandable say nurse flight attendant almost woman international star promising career right delved edginess noticeable original version reminds little exchange joe dimaggio wife marilyn monroe returned entertaining troop korea oh joe gushed ever see ten thousand people stand cheer seventy thousand muttered joe former hero new york yankee br br second problem one allegiance greater social value one young son unknown ambassador put loved one risk sake national stability day faced dilemma starkest form climax albert hall solution opts allegiance political stability although motif problematic scream save ambassador life release anxiety overwhelming cf alec guiness falling detonator end bridge river kwai photography extremely good setting menacing even quiet street residential neighborhood london mid day stewart alone determined frightened footstep echoing gulliver street someone somewhere followed life danger hell everybody life street hitchcock pay close attention location detail make garden wall bonding brick beside br br director rare disagreement francois truffaut interviewed truffaut otherwise laudatory book truffaut argued earlier version man knew much lacked depth later version hitchcock replied seems want make film art house audience finally agreed version work talented amateur version work professional argument br br hitchcock pretty much near zenith,1
friend give huge box laserdiscs flash gordon serial say gonna giant coaster say serial rock whine moan almost everyone knew find laserdisc player em br br really little everything serial lion men hawk men shark men earthman guess call em mongo men set costume combine greek roman oriental egyptian even armour like english knight awesome costume riot horrible tights short em worn zarkov beyond description guy furnace scene seem wearing boxer br br also funny way renamed octopus octosack orangutan orangapoid tiger tigron even dragon godzilla like creature threatens flash couple occasion killed br br like invisible man got covered like sword fight wrestling animal men fist fight plenty taste underwater city sky city city top mountain tonne secret passage cave br br hokey effect massive amount sky city supported radium furnace stoked like old time steamship rocketships powered firework constant backfire humming noise lot wire visible holding thing like food flash invisible course rocketships cloud space none around earth viewed mongo giant lizard show briefly fighting sea creature supposedly threaten flash co way shark men underwater city gadget dr zarkov lab crack seem one matter lab worked ming lab vultan br br yeah romance everyone want dale ming vultan flash least one person wanted princess aura prince baron person would preferred fact seems lot sub plot concern intrigue part princess aura try win flash br br man think character awesome fat horse laughing king vultan hilarious managed wing pure artistry ming say ming perfect emperor starwars ming got favourite character serial princess aura quite little character pulled nicely think better actress dale arden long shot even sneaky high priest distinctive role zarkov good strongest character always stood background fight scene holding dale get flash flash course strong point leader hero well crabbe good actor role fit perfectly br br watching think know george lucas got main idea starwars watch see mean br br ever considered watching old serial serial matter first choice reason give one story hole could fixed easily way giant lizard seemed tacked couple weak character king shark men king lion men,1
love jane austen story read two p p seen adaption reaching persuasion bookcase make sense story also refusing believe jane austen could written nonsense thought base film jane austen novel really go wrong turn great pretty much default wrong br br first character sympathise like least one likable character get audience invest emotion deliver sure wanted anne wentworth get together know purpose story getting together instead resist urge throw teacup tv continue watching end br br anne utterly annoying throughout end really idea wentworth smitten seemed nothing attracted meek bland dull socially inadequate came across like sheep following everyone else instruction rather mind still work lead character well done well br br character displaying various degree narcissism mary worst full blown narcissistic personality disorder mr bennet p p similar flaw still endearing whereas mary freak show loathsome funny br br wentworth handsome seemed like decent kind guy part story wondering kind person love anne surely kind guy would want person little bit alive acting wise much say reacted character portrayed rather good bad people acting anthony head excellent soon saw expected less br br also found story confusing end movie seemed elizabeth anne stepmother fact sister still whole anne wentworth back story also bit fuzzy together broke bitter come wondering quite time explanation seemed dumped persuaded someone said kind way almost missed somehow unimportant unimportant core story also lot name dropping real feel character louisa person instance friend family made clear different character relationship one another lady russell lot mr croft wentworth brother sister felt unrealistic mr croft looked old enough mother br br final kiss yes bit strange kissing street really think busy yelling get already tv anne lip trembled trembled trembled felt like age actually met wentworth hesitation couple second half minute br br issue camera work regular movie watcher pay attention angle unless decide look decide still noticed mean filmmaker good job lot conversation extreme facial closeup something used really important point made adaption used therefore lacked meaning hand held feeling occasion also really work period drama camera work running scene end also felt contemporary mention running austen adaption caught itv austen season make wonder worth watching northanger abbey mansfield park read book leave sad say jane austen adaption enjoy maybe watch version instead bbc renowned done beautiful austen adaptation,0
narrative  whether written visual poetic epic  generally try avoid may character reader viewer easily overwhelmed trying keep track exactly especially true film think simply cannot easily go back refresh memory cinema viewer like however problem see film dvd vhs br br year ago introduced audrey tautou french actress first saw fabulous destiny amelie poulain later long engagement finely crafted complex story large cast character earlier offering exceeds others way character complexity br br director used technique robert altman player short cut gosford park others paul thomas anderson magnolia stanley kramer mad mad mad mad world comedy almost epic proportion difference film first director let u see inside head character second scene repeated mean refresh viewer memory story flip flop different time period br br basic  core speak  story concern young woman irene tautou told fellow commuter train meet true love day occurs first minute film clever irony point irene realize young man opposite gilbert robin may one true love br br go separate way neither realizing potential significance close encounter however chaos result throughout rest day two young people rest character appear series cleverly constructed interwoven vignette seem going nowhere yet br br story simply could tend boring even quite predictable script director rip expectation host innovative scene commonplace turned believable extraordinary event allow two possible lover meet example next time bird poo sky drop onto book paper consider alternative two character make obvious choice must occur irene man destiny meet stone chip flying onto windscreen consider would happen br br interesting enough interesting assessing new man came along trying decide whether guy one irene whether fact young man train kept guessing br br let think see delightful romp br br recommended,1
never heard mishima watched film although part little tedious still find drawn watch repeated box beginning film told celebrated japanese writer behaves like lunatic commits seppuku public film progress gently inducted twisted logic mishima mind stage life presented four chapter chapter blend two contrasting narrative first continues story scene mishima life appear black white second narrative adaptation scene novel staged like play filmed vivid colour different novel staged chapter chapter narrative return present mishima proceeds towards eventual ritual suicide mean drama tension maintained end br br suspect many people find film boring pretentious art house respect film people want action strong story line hand kind person relish opportunity penetrate mind bizarre man watching life story told collage beautiful picture set music philip glass love loved br br,1
movie schlock despite lo fi production link troma production dark fable adult exploitation theme sugar cooky one wonder cast fallen prey said theme weird movie enticing visuals shadow contrast prominent definitely worth look especially fan warhol stylish decadence cruelty wickedness moral albeit twisted gleamed,1
north south book ii ultimate tv series spotting cameo appearance highly entertaining gene kelly james stewart elisabeth taylor olivia de havilland robert mitchum even johny cash¡ series come close achievement ever seen anyone looking like lincoln dick smith prosthetics made hal holbrock powerful performance even crafted costume jaw dropping location everything clear nowadays excellent bright tv series desperate housewife lost north south still one kind miss david carradine portrayal ultimate villain may call violent husband worth viewing maybe character situation stereotyped admit positive side clearly cast shadow glad finally available dvd spain,1
footprint interesting movie somewhat difficult categorize psychological thriller appropriate description think female protagonist alice cespi discovers remember anything last three day clue torn photo hotel also haunted recurring vivid dream science fiction movie belief saw many year ago pursuit truth behind amnesia trust anyone little little becomes obvious visited town hotel located exciting flick whose main virtue virtually impossible predict event unfold particularly end unusual loneliness main character unreliability everyone else ensure good old paranoid feeling present throughout film whereas beautiful color spectacularly filmed sequence make visually attractive movie well important part one nicoletta elmi everyone time favorite redheaded obnoxious child star italian horror extra bonus,1
crystal voyager strange documentary eccentric surfer living australia american birth george greenough surfed photographed friend recently dolphin australia year using various invented camera either strap back board boat mid teamed surf mag editor budding film maker david elfick create visually interesting tale life photography minute feature crystal voyager result even audience bit puzzled film neither surf ing movie surf movie george swim child zippy board real surfboard offset tedious droning george occasionally dry droll actually funny like almost setting fire falling something spectacular power glide wave ran minute set pink floyd music sydney opera house opened also contained cinema crystal voyager booked arty sporty oz pic default became hit opera house ticket cost far movie ticket audience flocked see film excuse sydney opera house film record business low budget attraction local tourist wanted tell neighbor seen show created myth film huge crowd puller reputation spread result teamed fantasy cartoon fantastic planet trippy run uk europe double feature ran coastal cinema crowd rather nonplussed recently george emerged lord fly style another well photographed sea adventure called dolphin glide offer viewer dive swim wild dolphin byron bay eccentric min short even eccentric min george short met collective yawn medium pubic january make crystal voyager fluke year ago however special oz surf night outdoor cinema last year people turned turn every night see anything summer season film damned thing fluked another box office binge many actually enjoyed much open debate likely plain puzzled mad film astonishing reputation elfick however since gone onto stellar career major producer director many lauded australian international film look worry starstruck undercover rabbit proof fence love limbo clear present applause achievement george however still floating around somewhere droning away looking something else film drop camera,0
think great many viewer missed entirely fact obviously parody western film br br bad movie clever tongue cheek take western believe film taking seriously moment br br make film even unique fact centered around strong beautiful woman two black one asian mexican hispanic character br br usual western woman tough draw fast shoot straight br br tough even bartender shaking pours whiskey br br plot move story along typical western vein shot brother gonna get western woman sister shot vengeance gang br br go round old crony bank robbing day br br one maria really interested avenging rachel sister motived fact gold jewelry hidden town headed br br couple scene quite make sense interfere much ignored wondered film could use little tightening well made film failed find audience recognized br br disappointment lesbian film villain heroine one obviously straight others sexual orientation never disclosed br br star,1
star rating saturday night friday night friday morning sunday night monday morning br br alice defeated freddy end last film trying adjust life unborn child carrying demonous presence freddy trying come world br br interesting note director got big break directing freddy film charles russell eraser mask renny harlin long kiss goodnight cutthroat island cliffhanger die hard stephen hopkins lost space predator russell harlin made good job hopkins imo made something podge entry quickly forgotten br br story clearly stretched far go freddy ludicrously father ridiculous looking demon baby even hour half get rather tiresome course scary br br bon appetit bitch catch phrase memorable point wise forgettable entry,0
great british film cleverly observed script many quotable line capture perfectly magic mushroom man weekend per usual phil daniel excellent along rated british actor geoff bell peter bowles joint hanging mouth casting masterstroke gary stretch brooding look brings something strangely atmospheric piece although seems billed biker movie think find audience outside purely premise lot people done got shirt also great original soundtrack blinding version freebird really could st century heir famous ealing comedy like weed welsh field grower,1
one beautiful moving thought provoking film around good family entertainment time make think hard issue involved every time see ghost zac riding bike puddle end help cry eye john thaw performance touching shame longer u gone forgotten outstanding film full mark,1
movie collection inexpensive b movie restored fact audio difficult discern first minute br br first seemed like typical haunted house film feel much like forerunner clue murder death house haunted hill etc br br half hour film storyline take really interesting twist go cliché melodrama something entirely different far entertaining initially thought br br check great deal fun even long clip wider shot near lack music score make feel bit creaky today standard,1
know original hey else said feel unutterably silly paying attention hell came movie make important political social issue fallout atmospheric atomic test seem matter joking dismissal concern alarm raised scientist world time,0
operative rule making film seems never make minute scene make minute scene principle set right start interminably long portrayal graduation harvard class point scene suppose introduce primary figure story give bit background somewhat effective comparing idealism harvard graduation ceremony realism life johnson county wyoming keep going going set stage film feature repeated stretch mind numbing nothingness made even worse fact found significant amount dialogue almost incoherent end even watch one sitting got half set aside couple day could drag back see turned br br reaction movie many way shame positive performance generally high calibre especially kris kristofersson averill christopher walken champion isabelle huppert ella basic story interspersed around ever present mind numbing nothingness potentially interesting focusing effort immigrant establish johnson county local cattle company effort stop killing number collaboration government military also absolutely breathtaking scenery shot said whole thing could frankly done half time end potential positive washed mind numbing nothingness movie seems revolve around seriously,0
following review one wrong side track meaning two thing hear nothing praise coming fooled rating also could tell review contains spoiler technically lie br br well screw review going ramble bit since much fun bad film cannot enjoy piece utter drivel simply sense humor first movie meant taken seriously main aspect fun coming story doctor son terminally ill daddy doctor decides hart transplant must way saving son true mad doctor style decides heart gorilla trick course gorilla heart much potent human sonny boy transforms hideous ape man immediately break free go killing raping spree simply horny beast would make ape man hilarious simply way putting guy face look like turd talking human excrement solid brown kind beautiful gore flick wonderful aside real footage open heart surgery also incredibly fake quite nasty looking blood gore effect decapitation eye gouging throat ripping scalping someone skull hilarious indeed quite incomprehensible night bloody ape ever made notorious uk video nasties list nasty thing portrayed film simply ridiculous taken seriously oh one bloody ape running around way needless say la horripilante bestia humana much accurate title terrifying convincing tale science gone horribly wrong br br trying shock poorly staged act bloody violence random portrayal female nudity movie manages highly entertaining ingredient like nonsensical dialogue cheap cardboard set plot stupidity incredibly bad acting random example maybe set one clearly see set designer used wall door window etc build various different interior set e g one side hospital room window side unconscious wrestling girl lie look suspiciously similar like window side basement laboratory ape man escape set designer also took one side window laboratory made bit larger placed conference room hospital wall building grey one setting park clearly shot studio see several occasion grass loose whenever struggling fighting raping going grass shift shuffle see grey concrete studio floor beneath br br random line come actor mouth br br conference room doctor debating disappearance unconscious wrestling girl disappearance would course mean bad publicity hospital daddy doctor intelligently utters find situation difficult br br debate colleague doctor cleverly remark sleepwalker sleepwalker get hereby providing solid excuse disappearance unconscious wrestling girl br br investigating detective amazing process logical deduction concludes tell superior murderer must half man half beast superior answer absurd adding line probable late watching television many picture terror truly one best line movie br br source laughter br br two scene daddy doctor igor like assistant kidnap gorilla zoo unconscious wrestling girl hospital well thought act abduction like taking candy baby br br daddy doctor speaks god lot br br sonny boy calling daddy doctor papa one occasion br br old lady screaming aaargh dead man dead man dead man dead man br br plot periodically stop wallow scene woman wrestling go nothing concept sure daddy doctor replaces sonny boy gorilla heart second time unconscious wrestling girl think something spectacular happens like ape turd man growing breast something trying rape men time leading living wrestling beauty norma lazareno even go climactic wrestling contest ape turd man near movie finale ape turd man start show motherly love near end almost say almost true king kong style e top building people ground pointing screaming br br okay think enough chipped two cent vomitron rational rating sleazy piece hilarious dreck vomitron rating wrong side track go see film people well worth,0
greedy sum depth movie rest baloney big budget window dressing movie rotates hiding ball annoyingly revealing much none potentially interesting plot tangent developed yet trite one hashed rehashed excess br br charm dd others pointed schizophrenia device humor woven fabric movie importantly acting enough wooden acting box attract giant mound martian termite br br biggest problem suspending disbelief mess glaring question would technologically superior power capable taking government need testing awful failure movie,0
men love police movie filled action shooting chase etcetera br br boy let watching short unsatisfying movie seen hostage bank surrounding yet bad guy shoot multiple officer innocent people simply stay line fire without getting hit due kevlar br br shot hundred shot going back bank dumb hostage lock safe door bad guy went stupid director think br br okay shot fake documentary good seeing film got thought police get decent shooting course many cop swat real long break truly bad,0
interesting idea involving alternative dimension inside hospital recalled stephen king langoliers kingdom hospital old twilight zone episode atmospherically strong set great also clever time loop moment always head melt appeal story plenty vague reference led believe ensuing weirdness time slip ghost weird bat winged demon rather silly heavy metal attired ghoul thing would explained dark floor severely let based viewing movie give explanation behind event whilst ambiguity always expected welcome kind film dark floor took new height vagueness expect thing wrapped pretty ribbon neither left feeling huh dose maybe hit chapter skip mistake dark floor left deeply unsatisfying suspicion dream shame last reel much board enjoying movie,0
wonderful family film staple christmas time mystery true lost film first encountered flickering away old black white rca million dollar movie still vogue channel new york city rudolph mate directed fantasy nestled everyone christmas tree never released home video bad believe saw part amc year ago cut many older film rotation tcm take slack play easter christmas eve movie santa aunt bee hostess cupcake lady actor first name king bad ann blyth sally bundle energy school year rush chapel pray st ann help give guidance mixed financially strapped family work graduate place statue st ann bedroom one point entire moyne residence moved another address think done put end neighbor dispute moynes dastardly fellow next door blyth cute button edmund gwen play reclusive grandfather sleep satisfying movie experience,1
movie start bunch dead men walking peep sitting individual cell waiting inevitable meeting death represented electrical chair br br hero called tenshu taken chair zapped still alive aha given choice creepy military guy look really cool either zap made sure actually dead walk door take whatever destiny might lie ahead hero say yes option actual story commences br br wake different sort cell high tech big find another cell mate also managed survive electric boogie ride voice speaker tell free whatever wish long happens within room sound little suspicious two men accept else br br two men know set together awaken inner urge kill within basically unknown scientist background p decide kill sound weird indeed greater purpose part revealed shall remain unrevealed br br fear unknown lure viewer watch pseudo action movie fore entirely different approach question long time stand man b would kill obtain freedom br br first hour basically trying awaken interest sneak without actually knowing becomes roller coaster ride wild matrix like action fight scene touch individuality honor comic book movie based upon br br movie indeed special special normal cinema view normal circumstance however story fascinating music fantastic actor bit others make movie truly unique br br fortunate cinema video store watch enjoy fact everyone trying make mainstream movie earn huge bunch cash br br,1
calling sciples grab friend hit theater see hell movie opening sequence credit laughing self breathless br br movie wild ride history bull crap list thing done chronicling rise power huge fan rage kage kyle gas jables jack black naturally loved movie br br help know show first cd funny hilarious vulgar lyric rocking rhythm massive amount pot smoking cameo outright insanity story line movie sciples newbie alike br br many song referenced two king tribute kielbasa many audio track like cock push ups every fan audience saying remember well new comer saying f ing hilarious highly recommend movie body ever rocked movie certainly high competition next spinal tap one best ever,1
intended light entertainment film indeed successful first half succumbs rapidly foundering script drop harry judd nelson reformed burglar daphne gina gershon aspiring actress employed live window mannequin department store one evening late leaving locked within whereupon witness less protective glass observation point apparent homicide occurring street ostensible murderer mile raymond nick mancuso local sculptor return following day observe mannequin since realizes possible witness prior night violent event one posing pair flinch fun begin daphne harry report observation local police station detective taking crime report remembers harry criminal background becomes cynical great many way film become hackneyed one manages utilize including obligatory slow motion bedroom scene passion low budget affair shot vancouver even police procedural aspect displayed rote always capable gershon try make something role mancuso incredibly histrionic bizarrely attack line obvious loose rein although film sag nonsense cinematographer glen macpherson prefers follow suit set camera lighting splendidly realised composition viewer may focus upon ignoring plot hole witless dialogue well crafted score appropriately based upon action contributed hal beckett mentioned dialogue initially somewhat fresh delivered well bantering manner nelson gershon subsequent context flawed continuity logic predictability take direction reflects lack original idea point view post production flaw set work back farther expected basic thriller,0
read book based adaptation bother hated every character show miranda slutty selfish mumbled miserably appalling dialogue sister total wimp worst depiction manic depression ever seen degree psychology accurate fact mentioned realise troy supposed bipolar thought normal slightly grumpy teenager br br saving grace stupid show david tennant whose brilliantly psychotic performance thing got watch second half br br clearly writer producer show done research troy mental problem remotely accurate forensics involved twist ending spot mile big ole dummy br br utter garbage,0
film well box office producer mess thought star good chemistry cast much darker screwball farce gazebo frankly shocked see positive comment ludicrously plotted unfunny comedy lead character maturity seven year old much less interesting spend time veteran supporting cast including fred clark harry morgan eva gabor lend excellent support beautiful cinematography certainly make rich countryside spain seem lush four five truly funny scene go two wise scene whole bunch recycled unfunny clutter br br cannot recommend started kiss,0
ok chuck norris shown many entertaining movie year one even bother trying get plot bible shipment gone wrong acting main character wood like pinocchio would done better job synthesizer based soundtrack even worse one deathstalker whereas traditionally low budget spooky movie often trying catch audience adding plenty graphic violence one trying catch audience throwing religious mambo jumbo spectator plot boil different version bible,0
disney bill paxton fine job conveying story based fact like game golf appreciate story one man struggle overcome odds could based sport simply situation involves competition though one happens related golf problem story would liked see bit deeper main character esp mr ouimet mr francis ouimet typical young man time turn century america class line well delineated woe anyone deigns try rise class standing bit historical research biggest question indeed answered satisfaction although circumstance bit different portrayed film came away feeling content thoroughly enjoyed movie believe,1
normally spike lee fan take time really get mojo see clear message ability tell story close heart lee genius unlike th hour bamboozled two favorite film clear story film able understand struggle washington choice play well influenced others odd reason lee never able get true feeling washington decent job handed could tell lee favorite film lee direct film also wrote could tell camera work horrid writing contributed decay film film coming full circle going pretty lee behind film right thing film seen lee direct brightest modest film almost created hollywood movie instead one know saw money right thing ran film demonstrate true talent br br anyone seen film perhaps stopped watching anything directed spike lee afterwards due film suggest give second chance get wrong see exactly coming film would want put behind lee grow work becomes see transformation desire make money wanting make good film took awhile watch th hour sheer brilliance perhaps actor perhaps story lee crafted amazing film one man journey unknown guess hoping mo better blue would turn really dark journey life man really never grew instead got denzel denzel really one versatile actor generation consider sydney poitier cinema film showcase talent br br another issue film use spike sister playing one love interest know family think could filmed sex scene sister care actor much money getting paid would never something never wish see apparently different spike went ahead showed full nude image sister without remorse sad even made blush also need somebody answer flavor flav introducing film sitting couch ready start film suddenly voice past spelling studio made film acknowledges build strong remaining story felt lee going money film instead actual talent perhaps could afford denzel wesley movie without explosion br br two great scene film made worth watching end get wrong bad movie always diamond every alleyway scene bleek accidentally forgets woman mesmerizing continually went back forth weaving truth confusion way proved lee actually behind camera visionary scene probably lost shuffle due remaining poor scene scene worth watching way lee introduced ended film keeping pacing direction able bring tragic character around full circle give chance change life two moment rest film pure rubbish worth viewing unless go blind br br grade,0
wish would read review opinion movie rented waste money waste time little dialog dialog hard understand every way storyline plot weak thing nice cinematography br br character interesting time spend much time trying figure thing lack dialog rewinding movie lot br br watch movie mess leave feeling like mess br br say heck movie end,0
superb acting wonderful set clothes music story br br amazed review movie certainly one best br br also wonderful movie see tandem great random harvest much opening crisis br br middle aged unknown english w w officer hospital toward close war suffering shell shock complete amnesia without idea name origin anywhere belongs prof wealthy established man recovers remember year war br br movie resemblance end br br warmest thanks participated movie particularly actor ian holm alan bates ann margret great surprising casting choice glenda jackson julie christie br br one stay forever,1
excellent documentry personally remember growing nyc early movie anyone around time period show one thing african american gay underclass felt solely love camadrie see real people real sadly still alive written ball still held extent nineteen eighty time gone forever good pre homo thug movie queen really proud extrovert goodbye storyville another era gone greatly documented hail film,1
despite louis b mayer reportedly interested signing young greta garbo contract first american mgm film actress looked quite beautiful obvious film assigned amazing talent film production make matte painting nice polish artfulness expect best picture studio could produce simply look beautiful even year later br br garbo like early american film look different quite recognizable makeup much softer would become year later giving less severe look gentleness see subsequent film kind wish kept look considering famous become trademark look say gone route film garbo family unfairly forced land landlord landlady much esteemed doña bernarda claim bank demanded payment son fallen garbo better way get rid force street nice lady huh year pas garbo become new singing sensation world famous return hometown year later old boyfriend promised marry wimped mother doña bernarda refused allow see new love another lady tested content marry lady heir huge pig fortune want old flame importantly garbo even take back behaved spinelessly meantime huge rainstorm hit land begin flood home soon washed away deluge cortez friend make mad dash dam break scene obviously superimposed row boat cascading stream eventually make alive home garbo staying welcome inside stay storm pass admits still love braved storm make sure safe tell get lost next see ricardo get married second choice daughter pork king obviously little enthusiasm feel sorry lady nothing wrong soon cortez seen wandering back garbo home love sick need scene garbo quite luminous tell leave dissolve arm tell love br br doña bernarda learns pleased evidently pork queen better catch internationally known singer meddling nasty old lady garbo leaf unwilling come mother wimpy son cortez come running announcing must rest wife moment making proclamation family friend talk cortez convinces give good career reputation much rest wife huh despite cortez wimp reason cannot bring hate marries pork queen life dull life year later garbo meet cortez dull looking middle aged man beautiful ever surprisingly tell get lost br br time film made garbo star u cortez light surprising gave cortez unlikable character play instead usual confident valentino like role giving indecisive wimp huge wimp career slow downward spiral garbo role helped establish big star focus film played character much like later persona br br film new music composed nice though tad repetitive print oddly nearly perfect throughout except intertitle card could use restoration br br enjoyable film expertly constructed wistful worth seeing one time think real complaint excellent film,1
almost tempted demand money back video store movie plumb depth inanity almost completely unwatchable never bail film early painful view thorough waste celluloid vote would zero,0
movie lack everything except bobby deol standard mediocre one movie come close act single scene kangana complete fake acting br br great anupam kher guest appearance better minute bobby whole movie music nt compliment movie br br well contrast music bobby upen highlighted well great concept gone completely wrong movie nt proper ending please waste time movie,0
karen sarah michelle gellar exchange student japan beginning social work sent aid elderly semi catatonic woman emma grace zabriskie previous caretaker yoko yoko maki disappears karen soon learns something right emma home attempt see deep rabbit hole go br br maybe delayed influence success night shyamalan film slower paced understated horror film recent trend case hide seek approach work remarkably well others white noise pacing tends kill film like grudge quite much hide seek still good film earns br br grudge couple significant difference recent example trend however one well known remake based japanese film series began ju particular extremely close first half ju grudge aka ju two many japanese horror film slower pacing much realm realist drama surrealism also case large percentage european horror grudge looked filmed nightmare br br director takashi shimizu also director five japanese entry ju series date fifth currently production writer stephen susco largely dispensed linearity overly concerned logic plot hole come horror behind story idea instead present dreamlike sequence scene dream logic focus atmosphere creepiness uncanny many viewer scare well film work largely depend well adapt used different approach film making although admittedly seeming gap filled previous entry ju series traditionally american audience consider flaw leaving plot thread hanging abandoning rule monster poetic metaphorical surreal approach film yet accepted mainstream u br br however even used worth trying suspend normal preconception film give grudge shot well written well directed well acted film filled unusual property story interweaving large number main character done better episodic ju good cinematography subtle production design touch check gellar clothes match color texture exterior emma house gellar first approach beautifully effective horror material br br even though slowly paced average horror film past pacing usually enhances eeriness shortage bizarre event keep horror fan entertained supernatural premise film absorbing based interview dvd shimizu prodded pay attention japanese belief folklore although interesting subtexts would probably arise intimate knowledge japanese culture interesting ponder many japanese horror film feature scary child adult look like scary child br br subtracted one point film slightly veering clichéd mystery thriller territory really happened flashback even fairly well done otherwise would br br said let finish mini rant anti remake ridiculous u distributor studio feel need remake foreign film make appropriate consumption original version film playing u theater wide release need present almost identical film substituting white american actor non white foreign actor yes grudge fine film ultimately rather see something original using talent treated latest foreign horror film japanese also indian spanish chinese etc multiplex hope someone pull studio read also cost effective completely avoid production cost simply make domestic distribution deal receive profit make money fan like otherwise pick foreign film dvd foreign manufactured even bootleg version,1
excellent performance still good actor around also great directing photography true shakespear must shakespear fan macbeth jason connery moved tear final monolog brief candle gave sphere moral decay dark force human face make interesting helen baxendale credible lady macbeth cheerfull time sometimes look like naughty girl deadly taste blood evil love death decay shakespears lyric one,1
first heard film patton oswalt talked werewolf lollipop cd said lost classic completely ridiculous lover terrible cinema knew treat br br film hand one weirdest ever seen certainly one weirdest shlock film basically demon took human form year ago woman woman died something demon cried blood blood fell bed bed possessed eats along fruit flower chicken also taste people people range horny teen mayor gangster servant professional orgy thrower also sick guy bed ate put soul behind picture room br br movie let figure plot exciting action death bed take another path basically tell narration exactly happening slow dull murder scene take place also must say everyone eaten bed surprisingly quiet would think bed eating way th grade science fair experiment would sting little guess nerve ending invented br br story wacky direction slow pretty awful set sparse acting fairly painful brother one unintentionally ugliest actor ever seen probably would make great party film alcohol smart ass involved certainly one miss,0
excellent drama dark never seen california photographed way bridget fonda deaf wife beaten husband superb film gripped start finish understated performance sutherland direction european amazing get performance fonda,1
one question first premise funny engaging use taped interview take audio animate ite animal speaking part first interview funny entertaining begin even sure would lot entertaining viewed originally without turned cartoon add hilarity turned cbs monday night sitcom line become regular way relax stressful monday workday found course sitcom line would rerun anyway summer seeing episode would entertaining tried give cc chance really started figured well maybe funny nope kept going long half hour br br almost see purpose interview shown entirety point one line clip cut pasted together really quick like horrible dreadful version cartoon network robot chicken fan cbs cancelled sitcom class one half hour line would struggle came deciding whole season three episode creature let say take class considering couple hour since aired come see first comment guess good sign nobody watched last much longer cartoon roadkill,0
huge die hard monkey island fan fugured one would terrible since ron gilbert make boy surprised although still good first two comedy wanted little nervous new graphic new scumm engine fact cd came together interesting finally hear voice favorite character especially enjoyed sword fighting returned whole story finding big uncursed ring incredible go ahead try two cd adventure rejoice monkey island escape monkey island coming really really soon fall,1
bird plane look disaster need look sky br br ok enough singer tried make romantic titanic like movie crash box office record failed sr structure dark restricted color scheme would call wishi washi boring usual dialog clown advanced alien technology missing fun magic etc make movie completely disappointing br br simply work br br main thing character like superman superhero core important thing br br love trouble sadly lost depressive supersoftie maximal facet long superman movie whole time br br superman superhero movie anymore like case bad boring social study every minute person fly around br br big difference br br movie joke holy skywalker superman give u supervillains superaction important thing superfun br br want entertainment singer want make long soul love trouble drama lost sadly people take normal human character make yentl remake br br say superman return supersadlysoftie stand door br br maybe singer tried kill legend without kryptonite one bad movie give plan sequel br br next time singer warner brother make superhero movie depressive superlame soap let superhero movie mean colorful fantasy lot fun magic br br movie like cheap chocolate box super cover yes technically sort yes lot small talk joke view action scene etc one worse piece common poor quality br br super boring patchwork one worst movie ever seen live br br ridiculous cast strategy cast young possible make sequel next year give rest kate bosworth play year old star reporter looking like superman full five year away slept year ago looking like daily planet reporter wroting spend night superman warner brother much br br routh bad playing little bit wooden whole movie wooden temporary good marsden sometimes posey rest forget even spacey terrain br br reeve hackman kidder acting easy fun difference br br jesus pose end ridiculous hell problem mean serious joke next time spiderman batman ironman fall rise like jesus angel speak god directly superheroes saving human life every day least one talk god every week possible oh god br br maybe real announced movie instead bizarre dull parallel universe br br warner brother superlame depressive flick possibly greatest disaster history money br br understand difficult maybe create transport message feeling showing lone lost sadly people new thousand movie tv show better old new one like magnolia flying frog impressive flying superwoman sorry superman course br br singer wb simply nothing fact even nothing like black hole destroys passion comic superhero movie steal u three hour life br br mr smilla little brother angry green like hulk,0
ok dvd got new amazon mean think badass pretty cool flick melissa bale slutty bitchy girl pick hot hell acting suck whole polt suck clown huge guy wearing mask disgusting ok recommend like u wanted rent good entertaining flick hard day work u nothing else ur obbsessed stupid movie like watch sometime know artisan dvd c k dvd collection c k good enough owned half way decent movie company ok well thats,0
exactly good thing said fantasy mentioned previous reviewer well br br bo derek extraordinary poetry inspiring beauty shot movie give even catherine zeta jones run money high compliment indeed nudity brief discreet looking face enough br br b greek island setting sun crystal clear blue water br br story dialogue abysmal time unintentionally funny touched woman peter hooten character slimy jerk bo overplays naivete character work dialogue bad unfair blame actor fact kept saying name damir almost every sentence major irritation oh although film set greek island hardly greek word heard apparently everyone kid old people speaks english whole time,0
dallas fort worth area lived arlington year movie way far making look like arlington saw mountain background one scene texas mountain guess happens movie supposed texas filmed canada accent also really bad gotten actor texas play part lot aspiring actor texas hollywood movie really sad though true story pray killer found convicted one good thing bc death amber alert help find missing child quickly abducted,0
know mouthwash commercial guy mouth full listerine whatever trying really hard keep spitting sink great metaphor movie kept watching even though really difficult keeping mouthwash mouth leave minty fresh feeling movie left bad taste mouth spit chance br br premise corny enough fun first time like thousand year gargoyle returned romania priest knew fight kill thing long dead michael pare secret agent get bottom thing gargoyle run amok unfortunately premise completely lost bad dialog less enthusiastic acting part human lead best acting done cg gargoyle br br end movie feel like poor man van helsing check brain door might get dreary monday night gave star,0
day people watch classic movie friend watch movie present thats kinda stingy br br old movie like masterpiece unique way back movie thought made thats idea fresh people strain think new idea br br anyway movie true fan classic horror movie based investigator scotland yard investigating disappearance movie actor stumble three strange occurrence past resident house br br say anymore ruin movie already terrific movie old would never mind watching,1
probably accurate stephen king adaption yet surprising since king wrote screenplay story follows creed family moving beautiful maine house one resident jud pleasant old man know thing area one highway run right frontyard path leading pet sematary child decade buried animal killed highway soon enough ellie creed cat church found dead luckily happens family exception louis father away thanksgiving jud take louis another burial ground beyond pet sematary church buried later louis greeted politely church returned appearing chewed way bag buried maybe buried alive maybe nothing say without ruining story br br king adaption seen would terrifying character real situation normal mary lambert great job directing proceeding suspense kept fairly high throughout film due part plot development scene gage killed stick mind forever course conclusion easy determine going happen lambert pull genuinely scary sometimes disturbing moment br br overall good film excellent adaption enjoy scared mind haunted occasionally disturbing image pet sematary looking non horror fan want avoid,1
disney movie dare something different least awarded effort hole make mistake one would expect disney movie troubled teenager put camp first time event explained detail flashback scene really serve purpose present several mature topic may surprise viewer must admit first bit put seriousness movie soon realized endure moment see beauty story besides story movie also good job questioning method used correctional facility one example caveman forbidden teach zero read dig hole order build character like learning read contribute hole movie smart beautiful must watch,1
movie george c scott best bernard hughes best diana rigg pithy course paddy chaevsky writing masterpiece warp also brief snippet future biggies like susan sarandon stockard channing etc one scene line necessarily spot fifth sixth time watching nancy marchand young middle age nurse supervisor also superb well practically every face hollywood br br one movie get better time see watch surprise scene ala wait dark one movie ever bought dvd superb,1
poor film must give lead actress one francine forbes appeared acting least personally thought kind cute bad appears one film database besides film filled laughable gore fakey death scene people get stabbed gush like gallon blood like watch poor horror film recommend one highly,0
along fernando fragata joão mário grilo abi feijó leonel vieira étc commercial director diamantino costa one best portuguese director lampião da estrela diamantino costa first movie made several successful commercial title starred one best portuguese comedian time herman josé josé pedro gomes great funny movie br br boa sorte diamantino,1
saw dvd apartment paris exchange program laughed hard cuz much going movie happened u mean yeah sure pretty clichéd still true know saying br br think related quiet guy italian xavier observer group anyway wish hot roommate like cecile de france seems like cool chick movie real saw hosting cannes festival last month br br thinking wanna go barcelona next summer seeing movie gotta check sequel came france,1
soldier great movie everyone hated plenty good reason liked soldier alot partly expectation low saw surprised br br first art direction tight well executed far science fiction backdrop go soldier thing design genre set costume prop consistent competently executed love future military style impressed effort made movie worth time took watch br br second kurt russell fan grew watching guy memorable movie youth barefoot executive john carpenter film soldier essentially action movie role sergeant todd essential action hero award winning role kurt muster convincing emotion little dialog br br third fight scene battle well choreographed iron monkey even matrix far exceeds average level quality genre br br seen like sci fi action film pick pas rental depot choice expect next bladerunner,1
last time rent video without checking imdb review limey directed steven soderbergh also wrote wrote truly awful nightwatch ewan macgregor directed trash sight anti talented jennifer lopez terence stamp fine actor shame involved bad film frequent confusing editing seems like last minute decision order make lack story filming plain common sense film everything wrong thinking,0
read another review thought movie would actually good enjoy b movie even classed photography probably half way decent thing movie editing left much desired choppy staccato whoever chose music sound terrible job music awful specially anything atmospheric scene setting acting better could pulled movie unfortunately seen better acting porn flick want see b vampire movie check blood tie much entertained,0
one folk bemoans everytime film based old tv show come rather usually run see watched show try get nostalgic anyone feel like running film based old show exhibit actually say something mchale navy mod squad dreary tiring lethargic least original series angst riddled long anyone knew teen could glum making groundbreaking tedious claire dane nice look nothing else mood swing sneak around spying baddie giovanni ribisi acting extent flick droopy dog look hour forty five minute omar epps look like want flee set script chlostraphobia trapped sure production nice seemingly obligitory rave nightclub opening action sequence shootout galore oh kid yell get mad superior lot kind like deciding use scooby doo mystery machine go family vacation hollywood teenage kid spouse know need heavy therapy prescription drug really wanted like movie promising moment next scene would suck life knock another spelling remake charlie angel want least film knew wanted fun mod squad make wonder inspiration original series went,0
tom berenger put soul sgt barnes done thomas beckett thought world folding first scene nothing compared much felt last scene great movie even girl,1
save money time go ahead tell movie absolutely worth match gas would take burn waste time matter fact would better forgetting ever thought watching seriously seen better b movie language understand ever gave permission made need sewed positive thing say movie new script right director actor could great story let break virgin get pregnant demon baby inside womb want feed people try make fact possibly worst movie ever made cursing pointless nudity totally worth dollar took rent,0
probably one film many commented undiscovered probably one masterpiece spanish cinema like buñuel master piece day could better visitation others film long time ago could midnight cowboy could also le amants du pont neuf realistic non spot look realistic trainspotting hard story place humour love obviously dramatic sense new social spanish cinema little diamond could resurrection italian neo realism mixed whit best ken loach film br br probably better film discover last year,1
heck good time viewing picture splendidly surprised erudite feature first film undeniably cheaply made cardboard set limited setting creative scientific prop acting range poor two stripper barely professional herb evers leading man gothic overstatement leslie daniel assistant kurt first rate virginia leith title role headless victim alive benefit science fiancee lustful passion scripting though good dialogue fantastic movie ilk issue abound role science medicine life boundary film thinking film many way however fooled real intent sleazy story man obsessed aptitude medical science wish fuse together dead girlfriend head perfect body thereby creating perfect woman man best body soul one bright aspect film sax music resonates strongly every time doctor scour town female beauty,1
film absolutely brilliant buzz rush make want go blow wage loose weekend sanitation come together one without care world film layered depth dialogue place spot especially jip character instantly likable one particular obviously dyer character view star war really genius br br ever got hour kill going stick immediately feel growing confidence definitely recommend,1
went looking movie read tom clancy red storm rising novel timeless masterpiece th century russian invaded german movie made order joseph stalin warn soviet hitler germany battle scene wonderfully done showing need computer animation make great fight scene probably sergei eisenstein greatest work also see battleship potemkin history buff poli sci major watch movie,1
miscast badly directed atrociously written watchable hour two kill suffering insomnia robert carlyle fully realises potential actor supreme mediocrity one expression repertoire chronically constipated football hooligan nursing crippling inferiority complex manages time alter slightly flaring nostril baring row skewed yellow teeth indicate anger tenderness grief surprise horror hilarity compassion etc role best marine engineer uk son university professor convincing neighbour cat tom courtenay equally miscast slurring mistiming every line appears permanently soused eyeball would seem able tell flood puddle urine standing another silly attempt part british imitate hollywood pulp rubbishy dialogue series badly delivered clichés action disjointed plot pointless amputated character call even make basic two dimensional sphere american counterpart,0
story line game jerky appears game writer tried find way justify character appears certain area world map tale soul said gripe game br br beginning fmv spectacular breath taking scenery interesting new device ability create design character martial art discipline even second story mode make awkward story design tale soul br br part fmvs tale soul also interactive decide fate character certain degree interesting feature br br many combination character create varied path explore tale soul chronicle sword story mode game keep beatem rpg fan amused,1
family mother patricia clarkson father jake weber son erik per sullivan go family get together remote house middle winter accidentally hit deer driving anger local especially otis john speredakos thing slowly slowly go wrong br br expecting worst started watching bulk review site extremely negative well disagree first horror film horror even begin closing minute play like family drama horror element thrown level pretty damn good br br first bad stuff pace way slow jake weber horrible actor way many false dream sequence scare wendigo barely figure film clear view get wendigo end laughable br br good stuff pretty good dramatic script clarkson excellent mother great direction eerie sound effect little scary pretty explicit hot sex sequence clarkson weber actually necessary integrity plot pretty good acting sullivan time speredakos completely unexpected tragic ending br br think many people annoyed film pushed horror film ignore think might like giving,1
seemed much appropriate title suicidal underling decided watch masterpiece modern bullshit br br erotic scary suspenseful well thought thing film fails br br however incredibly funny slow sound effect bad dubbing add make one greatest comedy seen recent year yet film even try funny one movie grand achievement becomes comedy without even attempting amuse br br throughout film old guy look amazingly like santa claus go around ploughing zombie smashing vampire ground made fail believe film title vampire v zombie vampire zombie fighting oh well whatever besides flaw rental title one virus sweeping america creating zombie like being go around acting lot like average tourist yet four zombie entire film another problem besides one shop everywhere deserted surely see zombie roaming wood background bit fact believe drove around circle forest since high enough budget film wider location director want waste precious time filming different area wood busy sitting trailer jerking bothered trivial matter br br fact director much fun enough time hire big enough cast even editor told eight member cast dress different people try act inconspicuous whilst assume changed name began randomly snipping film reel editing hard job anyway right reason movie found way bag somehow got confused freddy v jason strange thing happen way made though night strapping gas mask bolting skull avoid stink nauseating mess br br oh yes laugh end sure one lot lost sanity,0
show exhausting watch two number drowned world substitute love paradise sit contemplate opening show go history visually thrilling madonna enters stage via gigantic swarovski crystal ball come ceiling huge screen behind show image horse galloping horse play role show due madonna falling one infamous scene madonna crucifix show huge screen count million number many african child orphaned due aid end website address come anyone interested donating go theme environment image politics religion shown interlude show start music love new york ray light part show one favorite dancer funny hand movement towards end music number song disco inferno mixed song dancer make presence known ending full energy show wrap tune lucky star hung hundred golden balloon fall ceiling end message confessed come dvd worth buying came soundtrack show added bonus jonas akerlund great job footage show keeping consistent style tour,1
bother see movie probably rate award worst career move major movie star since clark gable laughable playing irish patriot parnell br br inconceivable bergman would choose movie director lucrative hollywood career could choose among finest script director offered time begin script work except note supposed believe polished bergman poor refugee willing anything released refugee camp including marriage poor italian fisherman even love read anna magnani original choice part made lot sense cast luminous bergman proletarian part since love director common sense flew window br br go live poor village men must toil extract meager living sea place obviously hate fit br br friend village priest know suited life poor fisherman bride tell sake love must repress true feeling revulsion accept poverty despair encounter day top volcano always brink erupting drowning hot lava like true heroine bergman revolt misery declaring war everyone else dreary film even go far trying seduce village priest scene would generate laughter pathetic since poor slob husband must lock room keep running away forced use body bribe married man take island sacrifice great man unapproachable willing help escape island misery bother tell end script movie ending plausible rest stromboli even remember seeing late night tv two different ending warned feel brave enough sit king size turkey catch miscast bergman led downfall hollywood next seven year condemned sleeping director still married peter lindstrom none movie made director later married noteworthy except proof career gone berserk kid pretty embarrassing br br soundtrack,0
read novel kite runner based wife daughter thought movie fell long way short book prepared take word movie good great good accurately portray havoc created soviet invasion afghanistan convincingly show intolerant taliban regime followed rate c first b second human story afghan american returned country rescue son childhood playmate well done count particularly told book far convincing movie exciting part film however kite contest kabul later mini contest california cannot equaled book wager money,1
people think expressionist cinema look b w german film silent early sound era film emphasized canted angle extreme contrast light dark exaggerated performance occasional us surrealism create dreamlike atmosphere order diverge traditional naturalistic mode cinematic representation willing accept german filmmaker create expressionist cinema mentioned characteristic prerequisite expressionist film would argue dodes ka den dkd prime example type film br br like dream dkd little unhinged kurosawa film dabbling unreal however dkd also unlike dream great film probably favorite kurosawa picture mostly think color believe kurosawa first color film man saturates movie vibrant primary color creating completely unreal contemporary japan used neon light gleaming tokyo skyscraper used city appears colored crayon br br dkd said peculiar film inasmuch many character live junkyard appearing live alternate universe think point tokyo outsider people left behind great move forward following world war ii film also represents one kurosawa heartfelt movie genuine sentiment genuine pathos boy father describes dream home amazingly moving film man better known stunning john ford like vista samurai everyone known kurosawa movie touching thought provoking ikiru foreshadows emotional resonance film many way br br also argue last kurosawa greatest achievement samurai film though capable picture pale comparison work kobayashi hara kiri greatest intelligent samurai film committed celluloid rashomon hidden fortress seven samurai yojimbo sanjuro kagemusha ran fine film merely good frankly think word generous hidden fortress kagemusha dkd great movie ikiru crown jewel show akira one trick samurai pony reveal artistry mastery cinema,1
dragged movie four year ago french actress friend mine br br first half hour sitting uncomfortable seat new beverly theater hollywood hating film hating even hating french actress br br know happened pulled film way year despite fact one projector broke changeover hand theater close four hour worth br br believe great movie pull inside world make part drop talk friend coffee drink film one best filmgoing experience ever br br br br,1
always joan hickson wonderful jane subtle sharp aware wish dwell acting skill praised enough site would like criticize smaller part rest cast seemed hand picked director david tucker br br liz fraser performance mr bent mother missing girl nora joy watch subtle deeply moving alcohol depending grieving mother love miss daughter desperately good long shot monologue thanks tucker enjoyed fullest moved saw first time broadcast moved dvd brava br br joanna hole madge tour guide find highly amusing edge acting role funny organized guide want good everyone bus find hilarious reaction boarded every one bus great always perform comedy one take seriously m hole br br hope two lady good career live holland know theater production googled performance screen deserve br br pieter,1
low budget mostly name actor campy horror flick supposed type movie kept edge seat kid staying late watch cable liked horror scene movie,1
spent hour drenched film nothing ever seen come close delicious funk film left never mind female advanced aging dilemma human fear vault screen viewing personally engaging ninth degree film invests one undeniable shared feeling life enjoyed dalliance raw wounded gall deep within empowers mutually shared vestment history human encounter reaching far deeper pain isolation skewed view self others result forgives tepid forming bridge away muddy sludge dead must encounter birth finding real people happy pursuit effort realism intersects dark ground bankrupt culture,1
discovered film love right mix fast moving story entertaining character hilarious moment overloaded stupid joke fun performance kelsey grammar harry dean stanton ron schneider rip torn buckman especially good really enjoyed watching guy played stapanick br br also find interesting used real submarine pampanito running top scene emulated almost exactly set set decoration really impressive digital tour pampanito online compare scene movie excellent job film br br light entertaining truly enjoyable movie,1
thanks bbc show used suffer inferiority complex hated leaving house talking new people overwhelming sense people hated however watching one episode non blonde fortune started change episode started applying new job wearing fashionable clothes actually felt talented series finished running sale department work banging plethora woman frequently karaoke competition local ever confidence crisis know turn take trip poundland pick dvd p,0
sat tv hoping name would worth time dear gussie whoever thought script worth producing basic idea excellent execution appallingly bad constantly illogical sequence scene ending almost laughably melodramatic poor rock hudson wanders understandably confused look slightly sagging face look like bad b movie,0
read review found comparison movie v real life eg take get music school britney bashing etc etc let focus movie message br br rated movie age range year family movie average adult male br br like pop rock music know britney spear never realised actually sang stronger read credit review recognise poster wall worried self promotion br br watch movie entertained care casting lighting producer director etc movie entertain br br watched movie message world greatest epidemic low self esteem whole story watched message mind area interest movie light bright breezy great kid found texan twang began fade throughout movie course many way convey give give message yeh bit predictable great message though br br movie great family movie bloke watching get hannibal,1
hey expect form low budget movie although seen dahmer say following medium put jeff pretty accurate depiction studied jeffrey dahmer case learned man low budget movie show mentality serial killer get past gore see underlying story sick mind loved movie brace low budget blood story seen eye killer action thought childhood arrest favorite line bothered look back seat might saved lot life enjoy,1
think brilliant australian comedy think skit show although quite partial bit full frontal even sitcom think satire something australian really know well eg front line micallef program know take pi chaser war everything classic example really well br br huge fan chris taylor craig reucassel long time remember listening triple j afternoon show remain two funniest comedian around br br although sad left triple j excited find investing much time made leave cnnnn triple j time figured something much bigger amazingly hilarious show chaser biting political social satire best br br also pleased say recently received much better time slot friday night moved wednesday night right spick speck thank abc finally tape,1
favorite christmas special wish would release vhs dvd since rpm got lost cassette made also long gone br br even big john denver fan impressed music mostly traditional favorite muppet spin esp little st nick also contained little known song original br br even though done end show timeless feel hoping find copy soon,1
rented video slow saturday night first viewing thought funny took get used american caricature attuned british grotesque enjoyable br br watched next night really warmed character seemed human lovable even film one could watch several time get time however wife hated accounting taste humour suppose,1
cheesy b crime thriller early story droll character wooden allison hayes abbe lane two sexpot make eye catcher one short shot frame long show el train crossing river state street bridge series pullman built car painted original paint scheme delivered new traction fan like one short take make picture worthwhile think film like one ulmer detour edmund brien fugitive harrison ford others film noir genre big city crime drama make interesting nothing fact know chicago san francisco intimately recognize street location wise really droll boring film,0
sex ever farm animal tag line movie probably still misleading br br far one boring movie pleasure try watch lately found dvd lying around friend house made sad mistake burning br br unable tell detail without spoiling movie detail movie try imagine someone making movie thing c span fictional movie time less interesting boring debate c span br br think conspiracy somewhere movie unable tell exactly gouched eyeball threw richard gere,0
writing minute left film finish feel comfortable writing unfortunately know exactly film going end br br premise simple enough rabid dog loose small town kill people great simple plot good fun camp horror br br uhh br br main problem based book stephen king tell really adapted film least plot cuz boring first minute try build depth main character create suspense however last long half film character unlikeable never care anyway creates zero suspense easiest film according plot time compare classic jaw everything jaw right cujo wrong jaw created good character genuine feeling dread cujo neither jaw effectively creates scary creepy villain shark cujo dirty st bernard running growling jumping lot else jaw exciting unpredictable cujo tireless bore remains predictable right end br br also confusing plethora subplots act boring red herring film main plot br br film rewritten big screen better director could good waste minute life br br people saying one best king adaptation im sorry could wrong mist hundred time better thinner time better even one cat twice good opinion one worst good thing action scene dog looked real even though dull br br film ended get better avoid,0
first flicked onto log accidentally one night waching television since never missed episode br br humour weird like cross brass eye social commentary fast show excellent one liner amazing plot seems develop week without ever going anywhere best example hillary bris special stuff br br humour appeal say sick easy see coming nonetheless give try like watch like glad took advice,1
enjoyed movie ever since first saw theatre movie cast character script come together perfect synergy one character illustrate truth getting best people working together harmoniously building team achieving goal without ever preaching morality situation crafted well consistent movie opening premise tension build nicely humor clean consistent throughout movie manages pull right root character laugh pretty well way feel good movie good come br br amazes movie appears simple long term entertaining music perfect copy music typical serious post war navy movie help create humor point greatness eye beholder scene credit great music video navy deserve full screen special feature scene cut crafted well casting acting right br br movie classic great ever made without pretension fact lack pretension make much fun watch love guy gal br br day thought film wondered whether available dvd good fortune come u dvd came may headed store snapped copy wife enjoyed another hilarious night front big screen rated movie come together level far better many high budget film oscar winner entertainment br br listen fox home video great movie vault shame find cheap shot dvd badly degraded tint color year since release restore color present film meant seen gladly pay buck get picture right grateful copy give u eye candy film deserves recreating credit sequence full screen music video special feature,1
saw trailer film watching titanic must admit whetted appetite volcano seemed quite spectacular full promise damp squib corny word script characterization often ludicrous stupid daughter beyond belief supposed scientist fireman peripheral character offer movie rank front cruise ii twister film completely appalling reasonable effect overall waste time,0
start fairly well quite disturbing quickly sink annoying mess br br dee snider twisted sister infamy apparently penned screenplay idea idea cyber stalking pierce freak potential really blow uneven pacing bad dialogue one greatest non ending ever see despite lifeless performance director manages genuinely creepy first reel really look like going good low budget effort br br luck plot go map snider character relentlessly spit tiresome psychotic fortune cookie line supposed pas meaningful dialogue worse supporting cast barely register halfway believable dialogue come young girl help detective navigate internet br br waste great idea oh new twisted sister song care,0
film tapestry series portrait rom community woven together music much musician film paucity spoken dialogue dialogue important structure narrative might expect national geographic tale custom dress music plot line orbiting central character look br br paint portrait family people rather telling story individual plot story space india andalucia time cannot tell people need narration get sense joyous people strongly linked small community social interaction important great sense sadness part rejection society large br br paean rom culture beautifully shot wide spectrum rom music sting tail oppression people faced still face,1
first saw love limbo playing late free air tv five year ago since movie always remember warmly one film see forever influenced br br uninitiated australian film long history making beat comedy lovable loser love limbo sterling example whilst russel crowe name actor although day movie need rest aussie cast good still steal show nervous nerdy virgin loser though br br general premise lot like american pie group friend wanting get laid become men expect entire movie focusses sub plot lead mother various incident full humorous situation push towards inevitably sweet ending br br enjoyed american pie expect expect convention make appearance love limbo gross romantic comedy definitely share laugh fist pumping moment good guy win situation every guy australian otherwise relate br br see liked american pie almost famous strength good aussie cast easy relate good perve value weakness predictable point rating,1
br br kind movie cant believe wasted hour life see credit role honestly think could make better vampire movie know nothing thing suck harder vampire jason scott lee character least little bit cool mystery kick little butt,0
certain genius behind movie laughing throughout scene phone sex office discussing love heals doppelganger nice attempt genius humor execution poor see writer message talent doppelganger split end like ok quite expecting let see movie say certainly ridiculous sweet idea actually coherent story strange way br br point movie logical entertaining communicate emotional level easily bored many movie one kept interest throughout br br think story may auto biographical root guess horribly bad good looking movie person may done experience,1
bad movie entertainment witnessing bad movie bad acting bad production etc aka mystery science theater quality love pacific inferno jim brown forever remembered one greatest football player ever play game actor forever remembered one greatest football player ever play game sure rolf bayer hoping year old directed perhaps may next spielberg making grown man directing year old could done better basis plot movie probably historical merit maybe even truthfully accurate actual film may one worst movie made american film history kept waiting lee marvin william holden charles bronson pop somehow save whatever face left film would loved red carpet black tie gala hollywood opening movie previewed movie many viewer laughing cringing breath dime dvd rack look entertainment value movie bad good pas,0
sort everbody see least br br glorify world show everyday person killed mained debased war person side eats sleep laugh cry,1
seeing forever hollywood would natural want see john water film least one get say joined legion cinema cognoscenti experienced unique cinematic stylings perhaps best known non mainstream director worth effort pf lot better eraserhead certain campiness film follower find addicting,0
nothing unique either tv series movie prequel tv show found everywhere else life entertainment david lynches disgusting style story telling br br moment body poor misguided girl washed beach introduced mind numbing shady immoral character twin peak br br mind numbing almost pedophilia disgusting way movie seems romantically tell destruction human life random psychedelic phenomenon movie twin peak fire come walk br br watched make sure missing anything simply one man obvious sexual fetish extended long series fallowed ridiculous overly pornographic movie save self agony suspense watch anything else least ability tell story rather seduce kind mental porn movie br br heard lot review rant raf great david lynch ability define misery tragedy making kind wonderful thing life imitating art much sick twisted version art best inspire complete mindless life br br favor avoid garbage,0
film probably one best seen far would put second lily chou chou kind give vibe soul prisoner escaped prison go find counterfeit money stored time capsule mount fuji primary school later find much set way first half movie time character introduced main point stated comedic yet serious part journey second half moved tear movie progress character go try fulfill dream unfortunately ending somewhat badly end escapee left way character left scene sad probably feel tear eye beautiful film directed fantastically movie people enjoyed toshiaki toyoda film blue spring,1
film open two thug kill another thug body discovered autopsied doctor realizes although man shot dead also suffering pneumonic plague nasty virulent version bubonic plague race time find came contact dead man treat immediately otherwise disaster could erupt br br oddly actually know quite bit pneumonic plague taught series lecture history class film really good job getting fact right disease looked little like people movie biggest problem illness incredibly grotesque really allowed show sure high fever coughing got right also lot bleeding explosive vomiting blackened blood along enormously swollen lymph node like get bubonic plague purply gross certainly understand go far also sure federal government would much much greater involvement controlling treating disease film handled local level everyone seemed ill prepared bit dumb one seemed willing believe doctor acting film excellent actor richard widmark paul douglas respectively public health doctor police chief good actor also known actor back however first film menacing jack palance still going original moniker walter jack palance well relatively unknown time zero mostel palance great scary physically adept stunt mostel played heavy typical early work greasy cowardly sort evil br br overall despite really getting detail right wrapping everything little neatly film tense excellent acting well worth seeing,1
really hoping much went see mstking heck jasonx friend though hoping similar experience br br unfortunately movie took way seriously care jason problem sorry legion ftth movie cover anyway end day undead serial killer going get sympathetic br br freddy far interesting aspect movie hallucination unfortunately far end movie degenerated bad episode celebrity deathmatch funny br br,0
big fan fred macmurray carole lombard addition charles butterworth enjoyable supporting actor film particularly enjoy well despite good cast one poorest written clichéd picture ever seen given talent money spent make film shocking slip shod writing knew film would tedious time time early film found predicting exactly would happen next always right sort movie savant almost imagination effort went fact seemed almost film long string clichés strung together also found bit irritating fred mistreated carole bad throughout film yet true convention came running end uggh suspense lassie film bring people rescue timmy rope dangling break br br despite tired clichéd script positive film pretty cool seeing fred look like broken lush end film pretty believable looked like eaten shaved slept day also charles butterworth prattle provide mildly humorous moment enough make film look different b movie shame could much better,0
looking forward release movie since first heard concept two year ago disappointed bother summarizing story since everyone else say plain entertaining throughout performance great music main character likeable br br complaint story definitely lacking movie wrapped abruptly fact writing became pretty lax second half though writer sure plot since plot nearly important music action really affect entertainment value film major complaint would seem br br really nitpicky music character movie listening sometimes dated movie set inxs devil inside ac dc ready among mistake bother bit since obviously went length make good period piece could checked copyright date song make sure earlier big deal br br oh thought something else strange steel dragon band member supposed english reason dokken bassist jeff pilson ozzy guitarist zakk wylde played band member couple speaking line american accent kind lazy also still cool see actual musician playing musician forgive well br br could probably nitpick day want give impression super entertaining movie probably buy dvd come certainly buy soundtrack cd simply six steel dragon song sung singer band steelheart remember highlight film possibly great outtake mark wahlberg lipsynching rock song stage suddenly someone play good vibration marky mark funky bunch surprised look mark face priceless classic rock roll flick score due extreme entertainment,1
picked movie cover even knowing watched laughed hard one favorite movie time rusty guy created masterpiece would highly recommend movie one sense humor thank rusty giving u something laugh,1
routine suspense yarn sociopath dillon give sperm clinic human reproduction start harrass life woman antony husband mancuso extremely predictable far fetched undecided tone way lose time one make baby instead,0
started good sketch comedy first show good looking forward long run really funny mariah carey imitation take beverly hill featuring hair fight delta burke v william conrad heavy weight battle also good unfortunately following show went downhill relatively quickly writing became uninspired oh predictable show acquired cult following young tenure nothing fresh offered recurring skit boring one example gun family whatever called became weekly feature sketch funny begin let alone regular feature example quick promising start sudden fall,0
massive fan book orwell certainly favourite writer ever since studying animal farm gcse bought dvd sheer curiosity burton actor hold high regard heard played role brien swung br br watched trailer dvd first fear started set mostly regarding frankly terrible theme song hearing eurythmics mechanically shouting electronic beat bad sound br br acting whole pretty good burton hurt play role well tension exists ministry truth towards end felt especially harrowing room scene however also movie let movie spends much time focusing love affair winston julia frankly orwell writing writing harrowing future ingsoc build man belief shatter name made love big brother movie skip essentially important part book winstons coming term position life world education via brien br br comment imdb moment state movie stick book completely incorrect julia present winston visit brien commit goldstien brotherhood confess crime obvious mention initial instance winston find article unperson get mentioned near end read book completely confusing br br terrible screenplay excellent acting cannot rescue michael radford seems completely missed point orwell trying make electronica sound track frankly terrible,0
awesome movie great combination talent huge fan david duchovny outstanding movie would love see movie nature talent definitely used much offer besides agent mulder although huge fan series anyway want see easily cary grant generation seen movie must great love story show love never dy forever minnie driver great go wrong cast containing mr connor mr loggia mr belushi movie get type award nod deserved one great job bonnie hunt way soundtrack great,1
movie could impressing epic maker seem done utmost make appear foolish even god spared movie word drenched childish joke result blasphemous annoying people care see cheap parody biblical story may perhaps watch film without embarrassment maker tasteless production see il vangelo secondo matteo gospel according mathew film pier paolo pasolini show unnecessary pervert word bible make good story impressing result obtained sincere rendering plain text,0
slasher around time cheesy rip offs older movie brain well done script reminded videodrome cheesy way said acting go effect make laugh called brain really turkey blood never shown opening sequence make movie worth watching hallucination really nicely done reminded nightmare elm street remember telephone coming alive keep watching flick waiting happening next viewable freak cause gore said blood neither nudity pervert seen worser movie one wished made bloodier,0
remember trailer legend zu quite impressive fan man called hero time favourite storm rider decided must watch one know way much critcism ekin cheng acting ability everywhere favourite hong kong moviestar far way better nicolas tse nevertheless one factor enjoyed movie without doubt film work art beginning end even thought actor real everything else computer generated end film must put lot work one deserve good credit storyline movie fairytale good evil love story thrown guess ekin cheng pull girl easily story intellectual deep expect watcing action movie wished martial art action fist fist instead battle magical ability well life never go way want sound like supersonic plane battle sky end way funny legend zu cannot man called hero eye flow like videogame bad thing company decides publish game movie get suprised carry videogames element good work please make fantasy movie like,1
fabulous film br br plot good yarn imaginatively told series flashback alternative point view deliberate coincidence love br br get chance put shoe character turn sometimes literally help define character satisfying depth br br bit effort following twist turn understand character key event film reshot point view different people br br take opportunity come arthouse cinema look good big screen br br keeping guessing plot twist extent sit watch unfolds defy anyone predict br br likely need one viewing saw picture original release three time got better time br br acting good standout performance romane bohringer alice torn three direction three character ensemble br br classic second best film,1
um serious film troubled teen singapore country much knowledge previous wrong impression kid highly disciplined controlled family government well guess wrong like city country also troubled teen also lead surprising rebellious way life drug fight bad language many obvious sign bad boy surprising part film really kid running around causing others trouble rather subtle gayness hidden behind call loyalty bond brother may well originated unconscious gay tendency inside boy though uncommon str guy close friendship watch film closely entering sort gay film festival would surprised may win lot award toward direction,1
definitely good idea screenplay ok could better positive bore adventure lover new idea lost world atlantis negative personally feel idea much potential ended better adventure bad would much better runtime enjoyed lot though cant say boring good good one people like adventure animation like sindbad like road el dorado movie also recommended people looking nice little adventure nice happy ending,1
year watched movie many time seeing hbo copy dvd must say memorable entertaining meantime interesting educational tv fan relate time early time came replace johhny carson tv living legend tonight show gonna jay dave original film hbo late shift stay true form depicts real event well showing behind scene battle network head nbc cbs even abc fighting service jay dave acting make seem real little actual tv footage shown real life people actor portraying leno letterman make seem real read bill carter book know stayed true page highly enjoyed film year moment start showing cbs entertainment head watching leno sub johhny decide want get late night game yet carson announces unexpected retirement nbc want stay loyal leno yet conflict arrives letterman want crack slot fun watch wacky meeting michael ovitz treat williams make network want consider letterman show interesting see scene johhny telling letterman phone direct way walk nbc consider cbs way rich little terrific johhny carson portrayal matched plenty tense moment provided showing bickering firing leno talent manager helen nbc head pressured overall great film showed tv really like prof network power money hungry showing cutthroat business clearly business like show business great work hbo memorable watch anytime showed true story late night war,1
unfortunately one best effort yet made area special effect made completely pointless placed alongside lumbering silly equally pointless plot inadequate clichéd screenplay hollow man rather useless film br br practically everything seen done death character idea action sequence especially lift shaft genuinely intriguing element film impressive special effect however special effect done end film done death also hoping watching hollow man invisible man theme hardly original would basis something newer interesting long film turn overly familiar blood bath mass ineffectual histrionics mound clichés pile fast almost impressive br br top kevin bacon pretty useless job supporting cast hardly trying best good point might passable jerry goldsmith score competition better effort quite interesting use thermal imagery special effect tempted give film three ten effect push hollow man merit one notch br br,0
old man mouse cartoon would believe men created equally evil kill men order stop hitler bad hitler killing jew well buy mr mouse guess paint pretty picture make cute cartoon reality reality,0
oh blockbuster movie simply stick selling point everyone cinema young old see talking animal make joke whilst happy lost space came two killer blow plot sentiment really cared happened tiger whether eddie murphy made daughter sure,0
found movie really hard sit attention kept wandering tv far romantic movie go one worst seen bother,0
indeed amazing adaption missed first episode unfortunately missed bonding character smooth flow storyline soon watched second third instalment blown away ordered dvd less week later unable wait come went straight brought book moment opened hooked put decided finish whole book dare watch dvd preferred book got inside character mind could understand totally coming role within story missed lot adaption disappointing book master piece think could done superbly able stretch longer period time considering able fitted hour slot think done excellent followed main twisted storyline brilliantly actor enrolled main character amazing love making scene pure beautiful tender loving showed natural homosexual love totally blown away book tv adaption loved sarah water previous novel also found tipping velvet adaption quite enjoyable read watched fingersmith knew none previous novel adaption could beat sarah water indeed exceeded time recommend watch adaption tipping velvet thing let put one fingersmith whole new ball game beautiful yet dark twisted story love greed betrayal br br must see,1
difficult imagine engaging dan brown novel angel demon could misfire badly film version ten reason film failure due spoiler please read unless already seen film br br film love relationship robert langdon vittoria vetra worse still even chemistry two leading actor br br breathtaking location rome described novel realized visually film aware director ron howard encountered difficulty filming location superior photographed depiction rome history channel film eternal city presented eternal stock film footage great art work described novel briefly depicted film magnificent bernini sculpture ecstasy st teresa momentarily glimpsed west ponente relief vatican square visible br br tasteless choice made film maker depiction deceased pope actually resembled beloved john paul ii novel pope clearly fictional resemblance real pope br br one colorful important character novel maximilian kohler director cern cut screenplay br br numerous instance line dialog inaudible due extraneous background noise br br moment face character visible due shadow chiaroscuro film lighting technique worked godfather film ron howard gordon willis br br college cardinal quite motley crew one elector speaking southern drawl dude would home texas ranch sistine chapel br br crucial relationship camerlengo deceased pope defined film relationship central theme science v religion relevance illuminati plot church br br novel character hassassin unforgettable villain film assassin character role cardboard cutout villain br br whole filmmaker trust working successful novel br br novel langdon make impossible fall sky tiber river ron howard film movie landed tiber,0
still read single dan brown book watched movie adaptation fall game rate one previous scope really actually one thriller race time filled puzzle br br plot twisted imaginative cast excellent never great fan hank delivers well noticed jean shirt one spilled blood search one like vain italian searcher brilliant newcomer really applauded ewan macgregor portrayal inner faith calm really impressive br br really like debate science religion action taking place vatican felt like vacation last sure help add new convert christianism gold man presence displayed one would ask charity mean woman dismissed church life whereas stand half believer,1
lovingly crafted terribly interesting watch garfield gritty breakthrough performance introducing new kind rebellious acting style would carry brandos clifts war sisterly affection bit suffocating priscilla lane bright engaging performer sister really register though allowed tart witty hard time buying male character besides garfield jeffrey lynn pleasant enough actor lack movie star weight match garfield hard luck mickey borden throw film bit whack imagine jimmy stewart someone part also convinced garfield would make pivotal say least final decision made film needed another half hour running time better explain action feel awfully rushed motivated br br still hard understand anybody grew picture would remember fondly fall short classic contain classic moment two gate swinging scene pure movie magic,1
real highlight movie death sniveling guy reaction surviving character br br every way film lame rip jaw lake placid alligator little bit godzilla thrown br br standard style horror movie two non starring female take clothes least female lead since obviously better agent br br whole movie surround filming really dumb extreme sport called blood surfing surfer cut surf shark infested water film giant salt water crocodile also happens area people get eaten movie end br br mind bad horror movie really hate dull bad horror movie definitely,0
nominated oscar worst script ever opinion decent story rediculous acting lousy humor every mean possible little self respect please waste time seeing movie although u see actor act leaf dumber watching precious braincells killed watching crap br br warned u br br see movie,0
mix comedy romance music action horror knockout one reason people rave hong kong cinema looking something totally original look entertainment peak,1
believe entire book written odyssey remake classic film film loosely based hollywood first started talking enterprise reaction always negative many aspect could gone wrong starting solid ensemble made original unforgettable exactly thing begin souring selection actress otherwise remarkable work suited part sadly enough directed heavy hand director understand appreciate source material br br seems focus direction direction taken obliterate anything good original film called updating let drain story humor snappy dialogue interesting premise let prove woman come long way except problem really get least watching film woman truly going br br starter casting meg ryan central role prof almost fatal movie somehow seems locked sort limbo woman really change appearance even year working movie mary proved difficult role somehow grew interaction stereotype like dorothy wizard oz learning observing realizing choice matter might choice woman would celebrate nowadays fun ride part fun catty silly sometimes slapstick routine elevated movie realm sublime earth thud changing nature sylvia film lost lot spark anyway annette bening fault help admiring tried save sinking ship got sinking feeling struggled horrible line handled thankfully entertained looking terrific outfit kept reminding talented lady really sylvia wise flawed could great creation unfortunately m english paying attention work loses control one character could turned film fresh direction br br yet biggest blasphemy original joan crawford probably one best performance woman crystal legendary conniving line incendiary move duplicitous maneuver sexy pose link male female knew whole catastrophe provided tension men woman dangerous sexy ultimate femme fatale woman intelligence feared admired importantly wanted destroy save heroine eva mendes gorgeous two dimensional outing weak writing bad casting br br atrocity film addition terrible role mensing dedicated mother life baby rather annoying lesbian turn pinkett come biggest waste talent movie bette middler little unrecognizable make show spark could acidic delivery reminds u contemporary angle film could taken word revive put big much needed naughtiness film exciting see could really fly gone film six minute fade away middle muddle br br movie raised anticipation level truly disappointed u film could joined successful sex city made amazing transition big screen respected source material compromise gave u bigger better adaptation truly updated made successful woman present reincarnation need go back rework much like hulk year find suitable performer really good writer someone truly treasure good movie,0
one funniest movie ever seen know real world people show movie top notch never seen real world still think extremely funny movie get inside joke actor tv show,1
really understand movie aimed absurdity mention ridiculously bad acting cheesy dialogue fact villain child assume meant child movie think may swear word pulp fiction mention constant reference drug general mayhem killing demographic trying please movie schizophrenic like trying combine country music heavy metal end one going like bloody paradox would recommend movie funny bad way except actor patently unbearable want suggest otherwise br br completely serious say could watch minute terrrrrrrrrrrrrrrriiiiiiiiiiiible,0
u appear run uk police run around armed teeth know cid officer change uniform stop work go pub got one unrealistic film worst portrayal real uk police ever foisted unsuspecting public see mr snipe might needed money pay back tax bill heck good actor like charles dance mystery br br worse worse low budget b film hour half suicide time never get back br br avoid like veritable plague,0
movie horrible see discus entire film greatest chase scene ever eddie dumbs milk tim get chased hallway eddie put obstacle jock way hilarious consequence like cymbal nailing trumpet player buy dvd watch slow best obstacle knocked mop bucket one jock jump proceeds slide ground door slide pick speed thus defying physic mainly friction yet lie behind door supreme steepest stair case school ever jock proceeds clear air reality probably would die broken neck defy concept reality make funniest noise ever made situation go buy one trust scene worth buck,1
love umberto lenzi cop movie rome armed teeth favorite desert commando pretty much legitimized italian euro war phenomenon managing actually pretty good movie give gun machine guy run around talking tough hard miss br br shame encounter eaten alive cannibal ferox could anybody really one watch sense contract told kind film make assigned cast crew given budget deadline script lenzi went executed film way guy mcdonald fix batch french fry two eaten alive original kind amazing considering feature extensive footage copped three cannibal movie easier enjoy cannibal ferox though much br br let others outline plot fascinated film staged look yet somewhat infamous reputation film sort assault good taste though film exercise bad taste complete title earning scene two pretty supporting lady quite literally sliced eaten alive cannibal film high point problem lenzi let u get good long look cannibal feast scene convincing ring rd season star trek episode complete fake jungle set really gory close shot know anyone else someone slicing piece person eating lie look distressed br br problem film might lot respect lenzi filmmaker could directed anybody cannibal movie convention touched never feel like filmed real conviction try bully ruggero deodato sandbox two director certainly must known either sort juvenile rivalry actual dislike work conscious need upstage lenzi invented cannibal genre man deep river deodato blew away jungle holocaust lenzi fired back eaten alive deodato blew everyone else away superior cannibal holocaust lenzi fired last parting salvo cannibal ferox realistic krazy glu commercial guy superglues hardhat girder hang midair br br film less desperate bit hesitant push viewer abyss everything holy ferox remains sort misguided attempt upstage cannibal holocaust one mish mash interesting jungle adventure crossed jim jones like suicide cult cannibal seem like added afterthought rather reason making film think fan genre better impression film fan lenzi film looking something new formidable director entertaining slave cannibal god adventurous man deep river certainly lack wallop cannibal holocaust combine consideration recycled footage stomach churning scene animal violence misogynistic scene sexual violence stagy wooden methodology film making get end ok jungle thriller two three standout scene umberto lenzi capable much br br gore freak go nut however,0
two year iranian embassy siege involved dramatic sa rescue balcony war argentina falkland island currently taking place better film make gung ho sa film creates iranian hostage siege whilst using britain number one action hero day lewis collins throw edward woodward well known actor got winner hand well maybe film make situation serious enough whilst acting quite second rate like movie long episode professional without formula film go nowhere fast quite predictable maybe cubby brocoli watched film decided ditch lewis collins touted james bond replacement roger moore watch fan lewis collins sa stuff general save time,0
licence fee watch trash pay hard earned cash humourless hint laughter god know bafta br br subjected eastenders twenty year oh great british public going see awful soap crass pap programme depicts reality east end london everyday life beirut never done br br eastenders know real one kind courageous hardworking loyal one greatest attribute humour eastenders went worst london blitz still stuck two finger hitler see screen five day week including omnibus nothing bunch moaning wailing dead neck wimp seem little else sit pub day sniping great advert britain writer actually believe garbage pumping obviously woolly minded section public heard apparently anyone brainwashed believing anything,0
first review imdb com probably first ever written review film done accord class assignment think fact alone say something movie good thing seasoned journalist critic though seen fair share movie found particular film terribly painful watch necessary peace mind vent experience better imdb forced sit movie physically writhing inability connect dot sure would light end tunnel revelation explain samhe going movie ended enlightened dog several rewinds review certain scene still could conclude nothing sensible found wanting yell make sense anybody would recommend waste time probably want experience case bring crossword puzzle something get bored,0
never understand studio like universal buy musical butcher bringing screen first thought seeing ava gardner robert walker starring would seeing something mgm musical best time boy wrong disappointed br br one touch venus starred mary martin kenny baker john bole broadway ran performance season gardner walker tom conway play role martin baker bole stage kurt weill ogden nash musical book nash j perelman comeback vehicle mary martin reestablished queen broadway disappointing venture hollywood br br look name went show given responsible book expected see sparkling wit production instead got rather pedestrian screenplay like wit drained best make eve arden playing usual girl friday role tom conway even much eve br br story concern department store window dresser robert walker kiss valuable statue venus spring life person ava gardner course statue go missing conway yell law suspicious walker last person statue br br rest film walker dealing gardner happen reason understand ava course dubbed eileen wilson walker sings couple line singing carried dick haymes olga san juan playing walker friend coworkers course broadway song done singer mary martin kenny baker would kind think haymes would playing walker role least awkward say least br br three song survived score look heart showing incomparable speak low haymes silken baritone shown best advantage speak low sung duet martin baker broadway reason lyric one greatest men verse last century ogden nash done ann ronnell suspect infamous code work br br lee server biography ava gardner make mention brief fling ava robert walker spat current man howard duff duff gardner reunited walker took badly speak gardner camera sure fact best work help matter either br br hopefully repertoire company one touch venus get see way weill nash perelman wrote,0
know describe movie definitely one weirdest movie seen long time unsettling time also boring place scene dental torture elaborate may attract anyone gore splatter found holding teeth aforementioned scene clever thing movie play fear dentist therefore quite unsettling br br humor film somehow hidden may recognized everyone fan weird strange entertainment teeth getting drilled dust film looking br br read comment feel somehow attracted kind entertainment give try br br rating maybe little weird taste,0
would wrong reprehensible advise watch killjoy must better thing washing car throwing stone stream time nowhere near awful probably think almost proper film lot straight dvd sludge manage killjoy helped great deal trent haaga manic turn eponymous clown throw role fevered abandonment almost tip scale movie favour course take one man big shoe tammi sutton give entertaining director cameo since roger corman creature haunted sea whole thing nearly destroyed rushed sugary ending place almost good fun,0
reading many review know movie people watching clearly one saw br br movie horrible acting primarily moore terrible woman cannot act nice tit act point come across actual character instead spoiled hollywood actress go beach play make believe boy br br movie ultimately hollywood make believe training sequence top politics top political correctness top combat scene guessed top mission get get without detected shoot many round make much noise possible course oh g jane wing man anytime br br premise good soon hollywood get hold end top gun tit br br expected commercial u film anymore much guess,0
mother forced watch movie apparently watch anything vampire counsel bored throughout br br different point underworld rise lycans reminiscent spartacus battle planet ape passion christ mandingo reminds italian sword sandal picture nineteen sixty good one spend inordinate amount time showing greek roman despot robe talking plotting incessantly wait impatiently muscle man hero lover usually despot daughter something br br film desperate need color suspense character pretty two dimensional br br set looked constructed entirely pewter wonder many civil war chess set melted make movie br br wearing fishnet stocking arm black lipstick feel free click,0
hoppity go town discovers nothing bad news little insect neighbor lowland honest good natured grasshopper save sweetheart miss honey bee machination evil c bagley beetle also lead friend safe new home late br br one great animated feature new art time film created hoppity enjoyable film bring pleasure uncritical viewer technically well made animation generally high quality movie main drawback none character really heart come alive screen way jiminy cricket year earlier pinocchio br br however ultimately unfair compare fleischer studio output disney max dave fleischer star follow contribution would considerable one would realm one reel cartoon popeye betty boop series created alternate reality viable produced cartoon studio hoppity second experiment feature length animation gulliver travel henceforth would expend energy cartoon short subject fact first highly acclaimed superman series already release br br hoppity story owes great deal frank capra energetic go get em hero powerful societal force indeed film original title mr bug go town immediately put one mind gary cooper jimmy stewart capraesque adventure br br jack mercer famous voice popeye speaks two different character old mr bumble swat fly movie maven able catch veteran voice actor pinto colvig mae questel uncredited role br br film pleasant song supplied hoagy carmichael frank loesser little baby bumble bee familiar couple castle fine romantic tune deserves rediscovered br br unfortunate film initial animation sweep heaven past depth new york skyline obscured behind opening credit,1
jamie foxx epitome ray charles moment stop seeing film see biography played great man ray charles truly genius music movie excellently depicted one ever ever write play record music like musical giant passed flesh world lost one greatest american hero far movie fact jamie foxx received classical music scholarship college could play like ray asset director could better double play piano try split screen someone else hand jamie face worked beautifully loved fact also picked difficult ray always nice man also root drug addict womanizer sometimes plain hard headed guess made genius fault pick jamie best actor,1
footlight parade among best musical comedy extravaganza snappy script star cast including jimmy cagney lovely joan blondell dick powell ruby keeler make film cut rest directed choreographed creative genius busby berkeley film grinning ear ear start finish br br busby course undisputed master hollywood musical gold digger nd street credit dance director footlight parade graced hundred scantily clad chorus girl berkeley trademark elaborate dance number shot one camera busby first director film close ups dancer obsession shapely leg rear view shot amply demonstrated overall effect highly erotic mesmerizing br br boy jimmy cagney play chester kent producer prologue short musical stage production performed movie theater entertain audience talkie shown surrounded crooked partner corporate spy gold digging girlfriend although cagney solid background vaudeville first film showed dancing talent joan blondell memorable cagney wise cracking lovestruck secretary ruby keeler adorable always br br film climax three outstanding production number honeymoon hotel waterfall shanghai lil one masterpiece likely duplicated today hollywood called special effect replaced creative cinematography br br claudia bottom line clever erotic best musical production number ever put celluloid thoroughly enjoyable depression era romp,1
watched several day film shooting movie summer end result two scene movie location sylvan lake black hill bring wagon stop wagon etc dakota youth looked forward seeing movie disappointed local buffalo herd culled shooting scene real yes doris animal hurt filming think ending copied jack nicholson shining great western social comment class high noon real western drama used social statement like blackboard jungle rebel without cause youth,1
bottom barrel stinker bad beyond funny plot american mercenary played reb brown film called military adviser really clear american military helping army latin american country fight guerrilla wind joining guerrilla government turn imprisons torture shannon tweed sport equipment saleswoman pick bar get caught intrigue description actually make movie sound better really stinker almost biblical proportion bad well shannon tweed turn movie professional acting job indication th rate piece junk turkey nothing mismatched sound effect music score sound like z grade horror flick may well footage e armored personnel carrier going jungle trail reused constantly ineptly staged action scene recent memory laugh minute sludgefest seen disbelieved tweed look bored brown look hung time thing finished last long know feel br br although lot explosion gunfight considered action picture stretch imagination boring scene back truck everybody stare three four minute repetitive rebel soldier killed illogical group rebel caught open field government helicopter gunship instead breaking cover stand staring inept soldier rebel falling dead gunshot heard gun battle inside house combatant standing wall machine gunned miraculously wall escape undamaged predictable governor say offer reward brown capture someone might turn know exactly someone turn exactly thought downright stupid pretty much everything else picture inept brainless stupid beyond belief waste time,0
got around seeing monster man yesterday long wait lot anticipation build glad say came met expectation every level true really expect much hearing plot rundown reading review ecstatic mean trash fan want see gore flick deranged inbred hick mowing people make shift monster truck went expecting cross road trip hill eye got much horror comedy actually worked film maker got right came making squirm making howl laughter time kudos michael davis going gore pushing envelope sickass humor let list reason love movie much first story done death many flick college guy get wind childhood crush getting married year old virgin hop vista cruiser decides take road trip confess love hoping fall head hill good jive hidden backseat station wagon good buddy harley harley loudmouth former friend laugh talk like jack black high fidelity help like guy friend real life keep whiffle ball bat handy laugh want ever hit one keep check little obnoxious side say least tell loyal friend deep anyway road stop bar aggravate local stalked leatherface clone monster truck yeah along way pick gorgeous hitchhiker lazy hungover go right watch damn movie br br second thing love humor one sickest laugh movie since cabin fever messed well even go whole cat scene corpse burrito thing leave virgin eye well bar full amputee somewhat disturbing guy looked like john turturro bothered harley although totally obnoxious frat boy type really sling one liner love clog way need new pair br br gore one pours heavy first hour play demented road comedy last third blood gut movie kept light tone throughout would little disturbing seeing played laugh way possible bothered still seat time come probably see humor seriously bucket bucket red stuff big plot turn see coming credit rolled completely satisfied gotten exactly came really glad bought much like cabin fever going get lot replay br br look movie outstanding deliberately cheap look made whole thing scream late loved exaggerated color obvious monster man done relatively low budget much like cabin fever sorry keep comparing two actually work movie favor cabin fever ode great answer take worth cgi needed exactly sure get theatrical release everything jeepers creeper thank god lion gate,1
uzak turkish film shown u distant br br directed produced written filmed nuri bilge br br ceylan br br movie gritty somber version clash city mouse mahmut played muzaffer özdemir country mouse yusuf played emin toprak br br men superb actor plot allows demonstrate acting skill tragically emin toprak died automobile accident shortly movie completed br br country cousin city cousin tale contrast rural urban life style portrayed humorous fashion film little humor even warmth men br br lost touch human society mahmut work br br commercial photographer tile company give satisfaction divorced woman clearly br br still love satisfying human relationship br br mahmut lost job factory closing small town skill energy find work city human interaction primarily confined silent observation people cross path clearly warm caring person express quality urban environment br br cousin relate well world relate well neither make effort act way would provide opportunity bonding closeness br br sense film portrays opportunity wasted br br conceivably cousin could provided least part lacking life instead steer parallel unhappy course two men distant throughout situation suggested film title br br one friend mentioned masterful way ceylan build detail upon detail detail ultimately tell u character might learned simple exposition br br uzak shown part rochester labor film series labor film traditional sense genre labor film demonstrates harmful effect unsatisfying work mahmut unemployment yusuf br br quiet absorbing dark film although make happy viewing walked br br theater realizing seen truly creative br br important movie film worth finding seeing,1
watched tenant interpreted horror movie us many trope genre sinister apartment suspicious neighbor apparition mystery hallucination life hero trelkovsky seemed surrounded evil secret force trying drive mad br br last time watched challenged initial interpretation movie horror movie horror sense kafka novel horror fact movie understood literal level lonely man slowly becoming crazy without external influence br br polanski made career three movie dealing madness repulsion particularly like development madness heroine never convinced rosemary baby heroine driven mad evil force tenant might best study paranoia ever made cinema br br trelkovsky young man rent apartment woman killed becomes obsessed slowly start becoming wear clothes put makeup talk like possessed spirit letting wild imagination get best hesitation real imaginary polanski never resolve make fascinating movie many event movie attributed supernatural easily normal cause viewer decide believe br br although favorite polanski movie nevertheless good example ability create suspense portray madness convincing term technically speaking marvel suffice say collaborates film composer philippe sarde legendary director photography sven nykvist bergman dp making movie slow pacing sometimes uninteresting segment may make movie difficult enjoy experience nevertheless,1
mild spoiler contained herein spoiling film save trouble watch br br jet li movie fall one two category shaolin period movie movie set modern day hong kong revolving around triad triad like organization genre best worst film twin warrior jet li best shaolin era flick evil cult worst fist legend recent past best modern era jet li movie black mask without doubt worst br br jet li play self exiled mercenary received injection give superhuman ability shortens life span new life exile play pacifist librarian old mercenary squad go rampage jet li becomes vigilante determined stop don silly corrugated cardboard mask conceal identity police public librarian well conceal true identity ex comrade arm br br version saw dubbed horribly jet li capture hold hostage library co worker pacifist love story police chief care learns black mask true identity plot plain bad bad way superhero cheesiness bad sense character never properly developed bad character interaction topped half explained story quickly lost interest br br action martial art sequence way top lot blood gore severed body part aplenty explosion matrix style superhuman martial art fiasco present film unfortunately film best selling point want see jet li playing vigilante superhero mission impossible style movie black mask delivers rest u jet li fan true disappointment one movie jet li never get jet li get neither chance charm u charisma chance impress u impressive yet realistic martial art ability br br normally chinese knockoff ozzy osbourne would enough engross film sadly black mask proved exception rule indeed antagonist movie way dress long straight hair trademark round sunglass look like modern aged ozzy osbourne however villain screen long enough make gimmick worthwhile assuming likeness ozzy intentional addition villain look also ran satanic looking hideout much could made ozzy osbourne villain gimmick writer director anyone bothered give background develop character film arch villain br br black mask first jet li film released video usa lethal weapon glad stayed away may well ruined whole perception jet li martial artist actor want see jet li worst rent black mask evil cult make double feature horror intentional unintentional otherwise stick move utilize talent jet li plot semi well thought plausible star,0
first saw movie younger child sister told thought would kid movie however remains also incredible movie true subject behind movie ruff also true movie never stop touching heart br br first saw yesterday year later saw first time long time even knew ended knew seen billion bizillion time wept like teeny weeny little baby saw year back finally got idea seriousness film stoped watching yesterday change channel watched end astonished much still made laugh cry think believe mericals belived long time movie got shell opened heart movie impacting also impressed actor especially bobby wanting see movie first time suggest seeing alone tissue ready discover young sweet innocent side side still hope movie touched soul even time trying figure movie helped realize still want life,1
second film interesting previous one except suspense know going going happen even hinted screen pleasure come way various trick happen succession know dynamite car lose wheel car crash speak car happens detail particular discover film may baited dumb woman obvious come know already seen know dragged trap going get must discover worry get main trafficker another story speed boat match busy beaver river also know going wounded know bullet proof jacket day true recently discovered gi kind equipment iraq meaning film insistence hunting trafficker blindness see prohibition creates problem film constant perfect illustration value ever stand way moralistic crusade force evil simply legalize good properly observed surveillance something illegal pushed way less fun use forbidden restricted attractive br br dr jacques coulardeau university paris dauphine university paris pantheon sorbonne university versailles saint quentin en yvelines,1
voting option compelled use next available figure br br sad day bollywood type movie star cast actor nothing bunch juvenile acting awful script br br movie nowhere near called clone hitch salman khan usual take shirt theme govinda humorous laugh somebody told decade ago would writing comment salman success maine pyar kiya would written,0
terrible film sucked terrible know say film dinocrap stole reviewer nail as ahahahahahhahahahahahahahahahhahahahahahahah sigh roger corman hate god awful movie well really expect movie homoeric computer graphic another thing cgi sucked loud hate movie dreadfully without doubt worst roger corman b movie probably gayest b movie dinocrap sorry must offended nerd moment awful movie,0
whole point making film one earliest best international color release cinematic opera make accessible mass succeeded admirably general public would sit still love story two young exotic lover ancient egypt played typical pound tenor soprano vocal equipment sing glorious music properly hence visual substitution beautiful principal young loren handsome della marra slinky m maxwell make story much believable giving familiar plot music better chance wooed lovely aria otherwise might altogether enchanting introduction one verdi great work remember seeing junior high school certainly awakened interest opera form well acquainted still regard film fondly would recommend highly might appreciate great music accompanied better average visuals luciano della marra standout radames unfortunately audience appear film,1
watching quintet unlike watching group people playing word game portuguese language understand get idea playing game watch closely enough may begin understand rule bother since clear join want chance br br director robert altman one beg audience like film let alone understand sometimes let slip picture part crowd like h nashville wedding film full hubbub orchestrated chaos one two body scene make much difference time seems resent fact someone might even watching film image three woman story almost personal monologue made audience one altman quintet altman seems purposely dare anyone become involved narrative br br depend altman logical expected sometimes thing make film remarkably iconoclastic sometimes unexpected daring dumb instance quintet introduced young woman apparently last person earth capable getting pregnant indeed child last ray hope decaying society almost immediately extinguished altman even wait end play last depressing card elaborate nihilistic pessimistic tale let u know empty meaningless life right bat brave maybe stupid definitely devoid purpose try build story rapidly melting iceberg reminding u pointless effort br br record quintet least claim prophetic story centered treacherous game played various bored character form tag assassination game handful people target elimination would assassin would victim two form alliance kill third die new target assigned whoever life win happens exotic inhospitable wasteland great extent extreme sci fi version survivor minus commercial plug faked reality br br bad concept sci fi epic post apocalyptic setting microcosm world cast pointedly multinational game trusted least long one really win literally cold war steely eyed director taste dark humor violent invention could field day mystery quintet game played exists game quintet metaphor life altman seems see nothing material chance show life empty meaningless game conclusion obvious untrue given lively albeit cynical nature rest diverse film believe altman belief quintet either altman faith material,0
annie rooney life officer father brother tim slum new york constantly getting involved many fight neighborhood kid annie secretly crush joe kelly whose little brother mickey head gang annie constantly battle gang headed trouble say officer rooney kelly sponsor dance tony plan shoot kelly order get even making look like fool front girl officer kelly get fatally wounded instead tim part kelly gang told tony friend spider kelly shot father go vengeance annie learns go stop brother time good mix humor heart film even though plot start minute mark film pickford enjoyable even though playing girl really get character haines play kelly tough able make audience feel emotional level scene officer tell annie father death ending really put lump throat mix sort kid throughout film fun watch rating,1
talk ending film talk plot dude named gerald break engagement kitty run craven castle scotland several month kitty aunt venture scottland arriving craven castle kitty find gerald aged grown meaner gerald certain rule castle rule year gerald want stay kitty insist staying making excuse one night aunt catch glimpse monster running across hall scare much faint another excuse must stay longer kitty becomes worried gerald try go maze gerald catch even meaner kitty sends reinforcement call doctor actually friend wide make thing look suspicious invite couple friend really anything blah blah blah kitty aunt end maze suspense story somehow get separated try find aunt stumble upon creature moment waiting creature lurking shadow giant frog omg better seeing aunt frog literally go crazy run oops mean hop stair top castle frog leap open window go shot ground see frog gall towards u oh yeah movie want know funny frog fall window actually toy size frog take leap revealed evolution fault blah blah kitty gerald get married last shot masterpiece grave frog maze place ever really happy,1
ok begin movie changed life plot seamless james cahill done initially first viewing disappointed seen silver screen however exploring dvd many feature oh god jakes cahill commentary film almost flawless acting told industry secret used film get experience br br impressed actor scene security guard talking girl hallway reminded favorite blue pornographic movie certainly gangsta express disappointment sequel br br still blown away viewing martial art skill involved matched sign indicating location library school possibly guy playing retard timeless classic best film come europe year oscar dawn,1
know extraordinary film never made available officially dvd anthony quinn performance alone make must see relatively film actor identifies profoundly character phenomenon always unique u moviegoer br br quinn powerful portrayal innocent romanian literally dragged house everyday life force cannot comprehend part make film great script based book published paris romanian priest fled communist take country film succeeds go deep little known area east european history told succession kafka esquire twist fate misadventure johann moritz told openly honestly without political correctness currently precious hollywood fact eulogy lost innocence romanian people devilishly ironic eulogy signed french director working american money italian producer overseeing multinational cast fronted extraordinary mexican born thespian br br seen mention vcds film various asian internet store fortunate take possession digital recording film broadcast british version tcm shame th hour anywhere future dvd release map mgm studio,1
never heard movie saw dvd great movie perfect example movie took every cast member make work overhyped typical hollywood movie old overhyped actor current quote list actor could pulled performance movie brought back memory post vietnam war military experience concentrated people sent fight portrayed character fear emotion even volunteered service regular people cut military life remember experience put mildly adapt military life either never forget stayed touch highly recommend think serving present day afganistan basic training trip notice drill sergeant morning people maybe need sensitivity training ha ha ha,1
exquisite film search bliss everyday life pacing camera work emotion haunting musical score pure charm picture make must see easily appreciated immature emotionally stunted flaw see film captured technically perfect film format deserved todd ao technicolor finest sound format available intimate film made seventy millimeter gorgeous italian villa effect inhabitant would rendered even lushly small lovely moment would even beautifully seen heard still demand attention sweet moving small film stop watching every time come satelite transformation character contained tight mistrustful always joy watch really recommend often br br casting perfect mood perfect acting reproach film middle age choice people make deep thoughtful without beating viewer heavy handedness watch one sitting let effect get perhaps lived enough something else wrong,1
avid jane austen fan many year never seen adaptation heard came read excellent review basis eagerly ordered netflix cruel disappointment taken one subtle bright comic novel made dull character seems dealt single facial expression single tone upon base flat character although adaptation seems used every word jane austen wrote appear passed around character random fashion even though done miniseries adaptation manages confuse feel rushed done movie week br br mr bennett harsh mr bennet chattering chipmunk mr darcy lifeless nutcracker bennett girl almost indistinguishable mr wickham man one would look twice hardly appealing cad quite put,0
insulted movie even funny thought mulan unbelievable however low expectation disney become never figured something stereotypical yet respect true chinese culture hollywood tradition random martial art br br appreciate tried make wendy normal teenage girl fortunately normal teenage girl particularly asian teenage girl much less obsessed shallow aspect life cultural stand point almost impossible yes girl wrapped popularity fashion pretty rare even one still fairly decent scholar another stereotype maybe fairly true one chinese parent work chinese value work wanted go authenticity would made wendy ironic girl glass love hate relationship family br br add frustration american movie asian culture meditation vague nature oriented phrase sound wise walk around smiling enigmatically time know form martial art people appreciate someone would write asian part portray u sad caricature,0
say movie terrible good two day earlier watched lillie one best gay film ever seen best time watch mediocre gay flick br br story silly acting ok bad enough turn bad moment terrible stereotyping well cast either br br would recommend movie would wasting time money understand movie like made funding spend time watching noah arc logo instead think movie trying go never got,0
remember worst film watched total waste actor audience time prefer sitting tv think film right film maybe film recorded make people believe moscow mystique past must say expect anything else rade serbedzija expected vincent gallo film lack plot character development denouement entire movie underground tunnel mystique must fair camera effect even poor picture total waste time,0
real shame nearly one know top writing michael donoghugh magazine article snl skit genius time true shame anyone may take opportunity research work doubt take easy way watch video thus leading mr mike mondo video br br movie clever element never fully connect funny bone viewer experience thing cat diving swimming man think found feline happiness hurling kitten pool camera follows slow motion montage sequence taken island past fad retired hula hop pet rock rainbow dread wig etc enter music world punk new variety music time film rate bar performer rootboy slim performs boogie till puke lazy style dirt eclectic sleaze real beauty back ground music many different style many different instrument sound telstar play replay understand telstar first american satellite launched space theme created celebrate man genius triumph mr mike seems meant signal societal decay ridiculous waste one thing theater offered video release live performance sid vicious ex sex pistol wrestler singing way version different sinatra one might imagine frankly feel much worth listen good sad part vhs release paul anka refuse right song viewer forced experience minute silence explanation rolling across image singing dead sex pistol br br would give theater release video closer much passé see many people would give want see good donoghugh script watch scrooged better tribute man insight talent,0
every time watch show want turn curse maker wasting time week week dialog monologue rather everybody rant endlessly nothing becoming tedious example episode watched yesterday began seemingly unending rambling particular dish forgot pasta meatball perhaps always manages turn gilmore family dinner war second br br seems every time lot line absolutely zero content script use must enormous br br every something happens babbling stop suddenly wonderful silent emotional moment example week lorelai breakdown estate agent thought best piece tv seen long br br almost make everything worthwhile,1
well begin let say avoid movie br br cost based cartoon series movie make cartoon look br br like hamlet filled emasculated actor seem embarrassed br br lousy camera work terrible music enough product placement br br make want never visit yahoo movie really br br bottom barrel quote new yorker matthew broderick br br rupert everett mug way picture gay abandon br br men spotted rare specie paycheck distance br br pay u million earned watching br br awful,0
term art turbulent era literature visual art closing great fifty sixty year period creativity yet restarted music decade many see low point due corporate rock disco television golden age situation comedy odd couple mary tyler moore show h family film even greater period creativity genre saw rise american auteur director like robert altman francis ford coppola martin scorsese ash old studio system dominated hollywood half century director wanted craft literate art film mass sort staple europe since end second world war yet studio trying keep pace socially aware film sort seen since br br unlike film starring actor like jimmy cagney john garfield usually co starring dead end kid dealt social issue gritty realistic way realistic one could get sound stage social consciousness late early manifested science fiction film allowed left wing hollywood preach mass guise considered little comic strip entertainment precedent approach several flying saucer film dealt political zeitgeist mccarthy era notably day earth stood still invasion body snatcher early saw rod serling constantly subverting political conservatism time casting social issue science fiction setting classic sci fi television anthology show twilight zone among studio offering time ecologically sensitive silent running george lucas first film thx dealt consumerism group think existentialism logan run hammered away communism state control versus right individual film reference quite heavyhanded reek current arab oil crisis rampant inflation jarred strawberry cost soylent ration assorted colored food soylent yellow soylent red new soylent green reputedly made finest undersea growth manner unlike gas rationing time scene food riot eerie echo oil riot many gas station year film release scene crowding body live dead lying still chilling well influential later film like escape new york obvious progeny rest script stanley r greenberg however rather pedestrian fairly standard dystopian flick fleischer cinematographer richard h kline great job filling screen interesting image sound spice thing use soft dimly lit visuals murkily filtered add stygian feel new york film almost like colorized version carl theodor dreyer vampyr light film come artificial source fashion faux pa film could truly seem timeless br br end film thorn sneak processing plant human corps made soylent green wafer chilling oddly drama less end soylent minion hunt thorn survives long enough utter film catchphrase chief hatcher yet one know enough hatcher already co opted track record taking easy way yet fact ambiguity show film recapitulate character dilemma depth many later better made film sci fi also soylent green still film worth watching,1
know expensive creation movie effect awful half movie filmed stage front movie canvas sure blue box look artificial traveled boat background canvas moved imitating movement wave character moving cgi effect terrible sure guess effect created paint made gif sequence next time creator hire professional cgi maker team look like cgi creator would drawn picture strip shaky hand awful sure first saw trailer thought created one friend told correct date jaw dropped shocked thought kidding people recommend skip movie story also twisted enjoy,0
watch movie truly good ride difficulty making indie movie happens blow film maker face lot stuff punk rock philosophy behind movement relationship project old punk american punk dig beware ton bad acting bit failed project incorporated yet come funny time actually best part listening people never involved movie making pontificate went three year period took put together anyone make film especially film school worked field watch learn film maker mistake,1
think one true thing one meryl streep finest movie date depiction dying woman perfect recently lived movie touched level could imagined meryl truely greatest actress ever walked earth,1
see people giving film negative review loved movie bled form abstract art appreciate art see would like film great twist average played vampire movie looking fresh new ingenious new vampire movie want one turn bat wolf melt sunlight movie go watch old played dracula flick sure bit low budget side great job budget happy found movie give vampire genre fro good thought film brilliant give thumb writer director everyone involved film,1
might consider spoiler rather cautious careless never saw movie little fell love first time saw three year old daughter watch br br little acting ilene wood lifetime wonderful voice cinderella appealing believable music really fit movie perfectly acting great loved mouse really hated lady tremain step sister awful cartoonist depicted spoiled behavior well br br wonderful movie especially love story daughter seen movie time still get excited end,1
clarify matthew poncelet real person character combination killer convicted sentenced die murder two teenager br br read user comment react matthew real character based mixture two killer elmo patrick sonnier robert lee willie murdered separate people murder based one willie committed conflict willie someone else present party swearing killing worked story well br br prejean approach unique ministering convict wait death aiding taking responsibility action also reach victim family help know convict indeed feel remorse effectively aiding party br br everyone posting seems strong belief death sentence place say right wrong theory punishing death death make sort karmic sense however denying person freedom rest day although costly make sense stuck small room one hour exercise rest day reminded cruel thing seem apt punishment technically alive denied living say someone killed someone could get responsibility person killed required like susan smith killing poor kid shoving car lake find fittingly ironic would get freedom craved would spend rest day imprisoned br br prejean point come story well respect manages find balance supporting killer guiding accepting feel kind remorse asking spiritual guidance br br ona final note poncelet apologizes delacroix parent killing son parent girl also murdered mutter something apologize death think point throughout movie poncelet denies killing kid doubt prejean mind killing friend sentenced death thought poncelet killed delacroix boy man murdered girl hence poncelet taking responsibility responsible girl death probably would apologized well,1
love diaper baby movie make movie like today rich cinematic history goofy film made make laugh ever got kid act never know think precious kid make laugh others made movie show naiveté existed early remember film industry young stock market crashed world wide depression beginning film made give person break real world fact could see movie five cent beyond comprehension dinner cent different time totally different mind set,1
movie club school forced sit watch utterly dismal film film story dismal entire movie exceedingly dismal acting absolutely dreadful child overly whiny metal pole could done better job wanted desperately fall asleep television loud kept peace monkey neither cute funny drama laugh worthy cannot remember saw dreadful film story weak thin predictable completely fake adult try good actor seem break stereotype girl even appears want leave film via falling hill movie order leave blame micheal anderson publicly apologize film everyone else forced sit awful film fact apologize even nothing project apologize film mean least someone film even surpasses dismalness film rob schneider cheetah girl would even go far say even worse hilary duff collection film pushing please see film else pushed write review similar one awful film sorry,0
guess first movie made aware term cult flick totally bad movie help like movie richard boone made better joan van arc staying late watching movie make think much one,1
italian horror lover seem hate movie since connection first two demon film demon iii title one would assume would problem film never intended part demon series distributor demon iii original title ogre cash film popularity new american dvd release picture title demon iii ogre box art film say ogre know past release title demon iii actual film new release seems little white lie get past demon iii title might enjoyment ogre start creep intro stay pretty creep throughout gore film movie slowly still dug expect like demon film give ogre italian fan try,1
believe dumb movie truly storyline written keira knightley mother ruin movie extreme straight dull absurd make absolutely sense whatsoever br br movie lagged bad especially beginning story kept going everyday flirt often time seeming like threesome movie annoying deadbeat couple poet wife complete total drunk start wife sleep around men make end meet poet pervert thrives cheap boo woman wife waaayyyyyy quickly becomes friend former childhood lover played keira suddenly get jealous knowing full well two lover since kid something seem right mean come get program lady expect br br bottom line former lover meet new wife embracing get jealous former woman lover get married husband get jealous bombard crazy drunk couple home crazy husband call police end going court man attempted murder charge summed nutshell br br movie moment quality good acting cillian murphy cannot believe watched complained movie family member watching fell asleep decided give chance stuck first instinct,0
recap band five young american men left platoon hit hard ardenne offensive wwii get assignment forward outpost look enemy activity really bad condition physically mentally think struck gold outpost abandoned plush mansion full food enemy activity odd hostile odd seems like german squad equally bad condition want nothing surrender br br comment based novel guess novel much better story seem translate well big screen indeed different war movie much mental pressure wartime fighting battle almost feel scene must full suspense full uncertainty unknown element fall flat movie suspenseful different many way absurd many time people act insane reason unclear best hinted br br mental pressure fails come main building piece entire story thought story fell good interesting keep edge really send message actually nothing br br cast interesting many young actor turned star beginning career acting good stellar character also fell absurd zone much feel due story character need time space pace given novel given going halfway definitely good enough br br,0
minute pray second die quality spaghetti western solid cast interesting storyline filmed beautifully relatively high production value film genre br br alex cord terrific job portraying clay mccord outlaw suffering increasingly debilitating seizure seeking amnesty enemy close cocky good asks robert ryan delivers best performance film governor new mexico mario brega arthur kennedy also great br br movie good stand one best spaghetti western lacking much style league great one cool spaghetti overtone overall bit much like american western especially evident music score ok movie go general pretty dull euro western standard soundtrack kind reminds music unforgiven although interesting story told manner bit conventional taste spaghetti western fan hollywood western fan watch movie together one would perfect compromise br br say anyone avoid film enjoy watching much said well done film recommend anyone like western spaghetti otherwise,1
first talking picture returned oblivion hear see autumn edison lab complex west orange new jersey thomas edison associate william dickson tried combine two existing technology phonograph kinetoscope record sound image together event dickson unable synchronise playback sound image experimental film never released paying audience consequently unlike many silent film dickson made edison time official title silent image recorded fps library congress year known film historian mute curiosity also known soundtrack recorded one crude wax cylinder languishing edison national historic site although nobody knew one br br changed recently curator located wax cylinder broken several piece reassembled playback obtained sound digitised hollywood veteran soundtrack editor walter murch cleaned background noise tweaked digitisation make synch film image murch digitally compressed fps sound image synchronised last br br film begin offscreen man voice calling rest fellow ready go ahead unseen speaker remains unidentified probably dickson assistant fred ott screen dickson play violin immense funnel mounted tripod one edison sound recording device alongside full view camera two male lab assistant embrace quick ballroom dancing tempo dickson music br br film last barely second long enough u marvel crude technology provoked laughter sight two men waltzing arm speaking warning well known extremely inaccurate reference book celluloid closet late vito russo includes frame enlargement movie identifies gay brother incorrect gay brother entirely different movie made dickson edison lab period gay brother never soundtrack brief fiction film two brother gay sense russo meant deceased mr russo reason wanted u perceive dickson experimental sound film arguably first movie musical artefact th century homoeroticism hmm gay men musical sorry content br br vitally important film deserves rating often maintained lost movie ever considered irretrievable unless deliberately destroyed delighted report film finally available audience producer intended century filmed,1
yes quite nostalgic watching st episode one episode definitely remembered enjoy watching first season yes compared action packed show show seems lame frankly like less violent part show story line substance new one thought interesting belisario airwolf jag similar theme lead actor hawke harm looking mia relative brother father wonder robert belisario personal life mimic show theme br br question anyone picture hawke cabin love cabin kinda like dream cabin mine one scene remember airwolf,1
